"","link_url","n"
"1","paypal.me/pools/c/8wmEV8wvvg",1157
"2","https://paypal.me/pools/c/8rTduQXYz2",992
"3","https://paypal.me/pools/c/8wcxobFuAj",181
"4","https://paypal.me/pools/c/8xpgNd7Ifr",178
"5","https://paypal.me/pools/c/8pAjgZ4Kt1",171
"6","https://paypal.me/pools/c/8xRaWKyE1g",59
"7","https://paypal.me/pools/c/8yuk2XxwZN",47
"8","https://paypal.me/pools/c/8uKnKPxNZM",45
"9","https://paypal.me/pools/c/8z0MM6Zn8J",45
"10","https://paypal.me/pools/c/8wkfvm0cy1",41
"11","paypal.me/pools/c/8xpgNd7Ifr",34
"12","https://paypal.me/pools/c/8uTeNtStlk",33
"13","https://paypal.me/pools/c/8scXpeAXy8",32
"14","https://www.paypal.com/pools/c/8Qi8mtX7ZH",32
"15","https://paypal.me/pools/c/8ACNnIhBGq",30
"16","https://www.paypal.com/pools/c/8Q0zEvMvFf",28
"17","https://paypal.me/pools/c/8zdSqHIcn0",27
"18","www.paypal.com/pools/c/8RoxaDs3He",27
"19","https://paypal.me/pools/c/8BSNOpV5Kc",24
"20","https://paypal.me/pools/c/8yJ4xqZEBv",24
"21","https://paypal.com/pools/c/8Gz8ur4HIi",20
"22","https://paypal.me/pools/c/8xNwfG9R4y",16
"23","https://www.paypal.com/pools/c/8BmS7Zblcy",15
"24","https://www.paypal.com/pools/c/8xnE4B1fsF",15
"25","https://www.paypal.com/pools/c/8z84Euu250",15
"26","https://paypal.me/pools/c/8BcYOponln",14
"27","https://www.paypal.com/pools/c/8P8w4ZxG9E",14
"28","https://www.paypal.com/pools/c/8uTeNtStlk",12
"29","https://www.paypal.com/pools/c/8Shh5we8BQ",11
"30","https://www.paypal.com/pools/c/8xpgNd7Ifr",11
"31","https://paypal.me/pools/c/8Bqf81UMWr",10
"32","https://www.paypal.com/pools/c/8OPlfUAz2A",10
"33","https://paypal.me/pools/c/8tuH3JxD8L",9
"34","http://paypal.me/pools/c/8rWzdcoe1w",8
"35","https://paypal.me/pools/c/8BIohGJLa2",8
"36","https://paypal.me/pools/c/8wROvUao7G",8
"37","https://paypal.me/pools/c/8wmv0ZnoNY",8
"38","https://www.paypal.com/pools/c/8Tj8PP16Cd",8
"39","paypal.me/pools/c/8rWzdcoe1w",8
"40","https://paypal.me/pools/c/8mwGKWnolK",7
"41","https://www.paypal.com/pools/c/8xpgNd...\u200b",7
"42","https://paypal.me/pools/c/8AQfljfMPb",6
"43","https://paypal.me/pools/c/8BEueViehH",6
"44","https://paypal.me/pools/c/8BY9GHFNWx",6
"45","https://paypal.me/pools/c/8pAjgZ4Kt1\u200b",6
"46","https://paypal.me/pools/c/8wmEV8wvvg",6
"47","https://paypal.me/pools/c/8y0rxZK5ii",6
"48","https://www.paypal.com/pools/c/8Mu5M6MESu",6
"49","https://paypal.com/pools/c/8EhWA6x3Fz",5
"50","https://paypal.com/pools/c/8FHCNcREau",5
"51","https://paypal.me/pools/c/8yIwXTCPSM",5
"52","https://www.paypal.com/pools/c/8QVOJtDshc",5
"53","https://www.paypal.com/pools/c/8SPgkRdXr0",5
"54","https://www.paypal.com/pools/c/8SrSN2vOWb",5
"55","https://www.paypal.com/pools/c/8TrHvfH3NU",5
"56","https://www.paypal.com/pools/c/8vSJfgMIjw",5
"57","https://www.paypal.com/pools/c/8yXsNARJO2",5
"58","https://paypal.me/pools/c/8AJ3AFDVjD",4
"59","https://paypal.me/pools/c/8BiWNwqBv4",4
"60","https://paypal.me/pools/c/8BmS7Zblcy",4
"61","https://paypal.me/pools/c/8BoEKKqV3U",4
"62","https://paypal.me/pools/c/8CV0lXF7Gf",4
"63","https://paypal.me/pools/c/8CcjJutMNI",4
"64","https://paypal.me/pools/c/8nvZkGPMWK",4
"65","https://www.paypal.com/pools/c/8CO5a1JZzZ",4
"66","https://www.paypal.com/pools/c/8D9Liz6KbJ",4
"67","https://www.paypal.com/pools/c/8HUPK2ILVz",4
"68","https://www.paypal.com/pools/c/8NsFd25wUJ",4
"69","https://www.paypal.com/pools/c/8oBdCUn7zQ",4
"70","https://www.paypal.com/pools/c/8vvLDufrJP",4
"71","paypal.me/pools/c/8xRaWKyE1g",4
"72","https://paypal.me/pools/c/8AAkIl9Lat",3
"73","https://paypal.me/pools/c/8AnIQSxsSE",3
"74","https://paypal.me/pools/c/8Bco8EKv2M",3
"75","https://paypal.me/pools/c/8ngow12a1v",3
"76","https://paypal.me/pools/c/8pJoPL8omp",3
"77","https://paypal.me/pools/c/8vHASt72fZ",3
"78","https://paypal.me/pools/c/8w6Ryei4Yj",3
"79","https://paypal.me/pools/c/8yKPSuW3PP",3
"80","https://paypal.me/pools/c/8ysiG0zb3p",3
"81","https://paypal.me/pools/c/8zL1JhH2U6",3
"82","https://paypal.me/pools/c/8zjawAcDjU",3
"83","https://www.paypal.com/de/smarthelp/article/why-did-paypal-close-my-money-pool--faq4563#09",3
"84","https://www.paypal.com/pools/c/8HrjtovCZ9",3
"85","https://www.paypal.com/pools/c/8IDYzc25NK",3
"86","https://www.paypal.com/pools/c/8OfMxy5PAk",3
"87","https://www.paypal.com/pools/c/8QWKh9SXu2",3
"88","https://www.paypal.com/pools/c/8TbWkiKVja",3
"89","https://www.paypal.com/pools/c/8UeXKYcdNK",3
"90","paypal.me/pools/c/835IiPnQDQ",3
"91","https://paypal.me/pools/c/8Ai2u6visv",2
"92","https://paypal.me/pools/c/8Beaji0BL0",2
"93","https://paypal.me/pools/c/8Bg7KsodZM",2
"94","https://paypal.me/pools/c/8C21CcutzW",2
"95","https://paypal.me/pools/c/8CAchrWDei",2
"96","https://paypal.me/pools/c/8CJRx1ZYy2",2
"97","https://paypal.me/pools/c/8CfhHL156V",2
"98","https://paypal.me/pools/c/8D60Mvu4I3",2
"99","https://paypal.me/pools/c/8fv5QeKS4W",2
"100","https://paypal.me/pools/c/8pAjgZ4Kt1\u200b\u200b",2
"101","https://paypal.me/pools/c/8sUjnyFoAB",2
"102","https://paypal.me/pools/c/8uKnKPxNZMk",2
"103","https://paypal.me/pools/c/8ub908FnvG",2
"104","https://paypal.me/pools/c/8xnE4B1fsF",2
"105","https://paypal.me/pools/c/8xpgNd7Ifr\u200b",2
"106","https://paypal.me/pools/c/8yEG627BFs",2
"107","https://paypal.me/pools/c/8yVDdZFBkn",2
"108","https://paypal.me/pools/c/8yqncJtVL2",2
"109","https://paypal.me/pools/c/8zQGqV5O8G",2
"110","https://paypal.me/pools/campaign/115308722166219336",2
"111","https://paypal.me/pools/campaign/116885829863940612?v=1&utm_source=unp&utm_medium=email&utm_campaign=RT000447&utm_unptid=39d69b82-20be-11ec-9035-40a6b7293384&ppid=RT000447&cnac=FR&rsta=fr_FR%28fr-FR%29&cust=XYNLUCTBYM6BN&unptid=39d69b82-20be-11ec-9035-40a6b7293384&calc=f873970a195fd&unp_tpcid=money-pool-goal-created&page=main%3Aemail%3ART000447&pgrp=main%3Aemail&e=cl&mchn=em&s=ci&mail=sys&appVersion=1.59.0wrjscc06&xt=104038",2
"112","https://www.paypal.com/pools/c/8BaVyfMSkY",2
"113","https://www.paypal.com/pools/c/8IHXU82K6Y",2
"114","https://www.paypal.com/pools/c/8M2tjB1kKT",2
"115","https://www.paypal.com/pools/c/8NsFd2",2
"116","https://www.paypal.com/pools/c/8OPnTZS8RC",2
"117","https://www.paypal.com/pools/c/8Rn6COs4fO",2
"118","https://www.paypal.com/pools/c/8RpByPxf0v",2
"119","https://www.paypal.com/pools/c/8SLrvzGnfV",2
"120","https://www.paypal.com/pools/c/8T2hKUGTqB",2
"121","https://www.paypal.com/pools/c/8mwGKWnolK",2
"122","https://www.paypal.com/pools/c/8oZsMCKcgJ",2
"123","https://www.paypal.com/pools/c/8scXpeAXy8",2
"124","https://www.paypal.com/pools/c/8tuH3JxD8L",2
"125","https://www.paypal.com/pools/c/8u3VJJKGyq",2
"126","https://www.paypal.com/pools/c/8yB6CrCJtI",2
"127","https://www.paypal.com/pools/c/8zrJ2DydwY",2
"128","https://www.youtube.com/redirect?event=video_description&redir_token=QUFFLUhqbl9BVTdaclNneDcwTWhlYktndjlnQVN2X29Dd3xBQ3Jtc0tuQWdlRDlLbm5SSW45a1haQ0pmU0xLZnpvZHlXU3cwS0dQbzNzbjVYbjc5RUllam11UHRmcVBfYXZVOHowUElXRjRFdnFKYmNtck5oOEw3SnNVMzF1R2xYUmVkaDZIQ0hyTUc5cUg1d1I5d2ZNdk9lMA&q=https%3A%2F%2Fpaypal.me%2Fpools%2Fc%2F8vHASt72fZ",2
"129","paypal.me/pools/c/8wmEV8wvv",2
"130","paypal.me/pools/c/8x2AEog0rP",2
"131","https://paypal.com/pools/c/8GU1fC2d4S",1
"132","https://paypal.com/pools/c/8GkpcYgElJ",1
"133","https://paypal.me/pools/c/82xVL69",1
"134","https://paypal.me/pools/c/8AM3KTtmjT",1
"135","https://paypal.me/pools/c/8AiVso8tO6",1
"136","https://paypal.me/pools/c/8AnaPdbacE",1
"137","https://paypal.me/pools/c/8AykHM9NgN",1
"138","https://paypal.me/pools/c/8BB3UBi12v",1
"139","https://paypal.me/pools/c/8BcYhAJEYo",1
"140","https://paypal.me/pools/c/8BdQJ3I7Kt",1
"141","https://paypal.me/pools/c/8BdYvWen3c",1
"142","https://paypal.me/pools/c/8BkxkbeYnY",1
"143","https://paypal.me/pools/c/8BlfRv4ldx",1
"144","https://paypal.me/pools/c/8BnAhRGtVt",1
"145","https://paypal.me/pools/c/8CSaoDDNfu",1
"146","https://paypal.me/pools/c/8DbvJn4cSF",1
"147","https://paypal.me/pools/c/8DkYA61lMU",1
"148","https://paypal.me/pools/c/8gaITwaxbb",1
"149","https://paypal.me/pools/c/8hGC8FVdbS",1
"150","https://paypal.me/pools/c/8i3hU3syey",1
"151","https://paypal.me/pools/c/8k5TGbH8fW",1
"152","https://paypal.me/pools/c/8kPHkWf6bx",1
"153","https://paypal.me/pools/c/8rw00yJfQJ",1
"154","https://paypal.me/pools/c/8sCBYrZpB1",1
"155","https://paypal.me/pools/c/8uQPGs18np",1
"156","https://paypal.me/pools/c/8ug1GNDtuC",1
"157","https://paypal.me/pools/c/8vHDPj3ASe",1
"158","https://paypal.me/pools/c/8vdKgHWKFs",1
"159","https://paypal.me/pools/c/8voVqYex3C",1
"160","https://paypal.me/pools/c/8vvLDufrJP",1
"161","https://paypal.me/pools/c/8wAi4zWTWm",1
"162","https://paypal.me/pools/c/8wAm53cTm5",1
"163","https://paypal.me/pools/c/8wkfvm0cy1y",1
"164","https://paypal.me/pools/c/8xFsAoeiMZ",1
"165","https://paypal.me/pools/c/8xRoHZDfHR",1
"166","https://paypal.me/pools/c/8xYfrkiUOB",1
"167","https://paypal.me/pools/c/8xeaQqJSiJ",1
"168","https://paypal.me/pools/c/8yW1zzSwQo",1
"169","https://paypal.me/pools/c/8yXsNARJO2",1
"170","https://paypal.me/pools/c/8zLxN3KYFh",1
"171","https://paypal.me/pools/campaign/115320739484725031",1
"172","https://paypal.me/pools/campaign/115708330218787741",1
"173","https://vk.com/away.php?to=https%3A%2F%2Fpaypal.me%2Fpools%2Fc%2F8pAjgZ4Kt1&post=-203796258_37&cc_key=",1
"174","https://vk.com/away.php?to=https%3A%2F%2Fwww.paypal.com%2Fpools%2Fc%2F8xpgNd7Ifr&post=-203796258_37&cc_key=",1
"175","https://www.paypal.com/pools/c/8BcYOponln",1
"176","https://www.paypal.com/pools/c/8BdLOktbWO",1
"177","https://www.paypal.com/pools/c/8Br1rL0pgD",1
"178","https://www.paypal.com/pools/c/8Bz4EUWvrE",1
"179","https://www.paypal.com/pools/c/8CkH3Hn38d",1
"180","https://www.paypal.com/pools/c/8DKU0LLlTr",1
"181","https://www.paypal.com/pools/c/8Dyybcb8f0",1
"182","https://www.paypal.com/pools/c/8E2lLqJttd",1
"183","https://www.paypal.com/pools/c/8E9p7Gv15Z",1
"184","https://www.paypal.com/pools/c/8FvFQ296Nr",1
"185","https://www.paypal.com/pools/c/8GQdyEtih9",1
"186","https://www.paypal.com/pools/c/8H9jV8aYLp",1
"187","https://www.paypal.com/pools/c/8IC8joQMsg",1
"188","https://www.paypal.com/pools/c/8ICTq7isOb",1
"189","https://www.paypal.com/pools/c/8JdF4r35nT",1
"190","https://www.paypal.com/pools/c/8JgmpjerFB",1
"191","https://www.paypal.com/pools/c/8KfTlO5adg",1
"192","https://www.paypal.com/pools/c/8NGLQQXmys",1
"193","https://www.paypal.com/pools/c/8Owgyzwj0r",1
"194","https://www.paypal.com/pools/c/8POlsro7kX",1
"195","https://www.paypal.com/pools/c/8PhyCeZrse",1
"196","https://www.paypal.com/pools/c/8PtMXGIkxK",1
"197","https://www.paypal.com/pools/c/8QJxODieYH",1
"198","https://www.paypal.com/pools/c/8QgjLPpcYO",1
"199","https://www.paypal.com/pools/c/8Qnpy6szGG",1
"200","https://www.paypal.com/pools/c/8SmeQhLBiP",1
"201","https://www.paypal.com/pools/c/8TpxvQSMzs",1
"202","https://www.paypal.com/pools/c/8fv5QeKS4W",1
"203","https://www.paypal.com/pools/c/8hU7SG9ueD",1
"204","https://www.paypal.com/pools/c/8nvZkGPMWK",1
"205","https://www.paypal.com/pools/c/8qEIs0UB0L",1
"206","https://www.paypal.com/pools/c/8rcHthUYfQ",1
"207","https://www.paypal.com/pools/c/8s4HNdyHoC",1
"208","https://www.paypal.com/pools/c/8tYiaqkDk1",1
"209","https://www.paypal.com/pools/c/8uLH7hlwJH",1
"210","https://www.paypal.com/pools/c/8wvEXG1hKj",1
"211","https://www.paypal.com/pools/c/8y8JSMJaWs",1
"212","https://www.paypal.com/pools/c/8yyR6OfwZc",1
"213","https://www.paypal.com/pools/c/8zJc4ZPFcD",1
"214","https://www.paypal.com/pools/c/8zX34mZVBC",1
"215","paypal.me/pools/c/8t0Szf0c2j",1
"216","paypal.me/pools/c/8usI0Rvasz",1
"217","paypal.me/pools/c/8wy8Zr7wSV",1
"218","www.paypal.com/pools/c/8JdF4r35nT",1
"219","www.paypal.com/pools/c/8P8w4ZxG9E",1
