"","link_url","is_climate_post","n"
"1","https://www.paypal.com/cgi-bin/webscr?cmd=_s-xclick&hosted_button_id=9KV8CGPK6RQM6&source=url",0,9453
"2","https://www.paypal.com/donate?hosted_button_id=5W4UEHB4T4KWN",0,5420
"3","paypal.me/IgnazBearth",0,3415
"4","http://www.paypal.me/1871Carsten",0,3225
"5","https://www.paypal.com/donate/?cmd=_s-xclick&hosted_button_id=9KV8CGPK6RQM6&source=url",0,2386
"6","http://paypal.me/coronafaktenoriginal",0,1800
"7","https://www.paypal.com/paypalme/afaev",0,1623
"8","https://www.paypal.me/evarosen2020",0,1494
"9","https://www.paypal.com/paypalme/alex081",0,1398
"10","https://www.paypal.com/paypalme/TransitionNews",0,1382
"11","https://www.paypal.com/donate/?hosted_button_id=EU5RGQJHPXVRC",0,1339
"12","paypal.me/pools/c/8wmEV8wvvg",0,1155
"13","https://paypal.me/pools/c/8rTduQXYz2",0,992
"14","https://www.paypal.me/TanjaFiebich",0,869
"15","https://www.paypal.me/Neverforgetniki",0,833
"16","https://www.paypal.me/MiriamHopeJournalist",0,829
"17","https://www.paypal.me/kaitag",0,713
"18","https://www.paypal.com/donate?hosted_button_id=2GJ9KHDM9C6C4",0,687
"19","paypal.me/kallistalk",0,673
"20","https://www.paypal.com/paypalme/kulturstudio",0,580
"21","https://www.paypal.com/paypalme/brittsche",0,543
"22","https://www.paypal.com/paypalme/QPatriotsNews",0,519
"23","https://www.paypal.com/paypalme/spiritscape",0,519
"24","https://www.paypal.com/donate/?hosted_button_id=MLC396RJK2PDS",0,506
"25","https://www.paypal.me/zainz69?locale.x=it_IT",0,481
"26","https://www.paypal.com/paypalme/ignatiaintolaerantia",0,452
"27","https://paypal.me/MLowien",0,425
"28","https://www.paypal.com/donate?hosted_button_id=KL6Q47LM6CQKW",0,410
"29","https://www.paypal.me/streetangelsuk?locale.x=en_GB",0,390
"30","https://www.paypal.com/paypalme/qnet17",0,383
"31","https://www.paypal.com/donate/?hosted_button_id=7W36ZUVVWSU44",0,369
"32","https://paypal.me/TransitionTV",0,338
"33","https://www.paypal.com/donate?hosted_button_id=7W4KAM4FESL3Y",0,303
"34","https://paypal.me/exorciste25?country.x=FR&locale.x=fr_FR",0,272
"35","http://paypal.me/Cassiopeia111",0,264
"36","http://paypal.me/jennystarshine",0,247
"37","https://www.paypal.com/donate?hosted_button_id=VLGQBQWKMZUBE",0,246
"38","https://www.paypal.me/NaomiSeibt2000",0,236
"39","paypal.me/Kinderschuetzen",0,225
"40","paypal.me/sandrosemperfidelis",0,222
"41","https://www.paypal.com/donate?hosted_button_id=K4K9JSMMAU8UW",0,213
"42","paypal.me/AndreasVorhoelter",0,201
"43","www.paypal.com/paypalme/kulturstudio",0,199
"44","https://paypal.me/pools/c/8wcxobFuAj",0,181
"45","https://www.paypal.com/paypalme/rabbitresearch",0,181
"46","https://www.paypal.me/telegramwahrsager",0,179
"47","https://paypal.me/pools/c/8xpgNd7Ifr",0,178
"48","https://www.paypal.me/Aussieseekers",0,176
"49","https://paypal.me/pools/c/8pAjgZ4Kt1",0,171
"50","https://paypal.me/wirmachenauf",0,168
"51","paypal.me/LALLIANCEHUMAINE2020",0,160
"52","http://paypal.me/yoice/",0,155
"53","paypal.me/NessunaCorrelazione",0,154
"54","https://www.paypal.com/donate/?hosted_button_id=2GJ9KHDM9C6C4",0,153
"55","https://www.paypal.com/donate/?hosted_button_id=8TPNTWVFSBTV6",0,145
"56","https://www.paypal.com/donate/?hosted_button_id=ZG796GNXP4UXQ",0,144
"57","http://paypal.me/Winter287",0,142
"58","http://www.paypal.me/mittelerdetv",0,142
"59","https://paypal.me/dieneuemitte",0,141
"60","http://paypal.me/ketzerderneuzeit",0,140
"61","https://www.paypal.com/donate/?hosted_button_id=77NSXK7JYL5XY",0,135
"62","https://paypal.me/Cassiopeia111",0,133
"63","paypal.me/unblogd",0,131
"64","https://www.paypal.com/donate/?hosted_button_id=RFG4SPCYM6XCJ",0,128
"65","https://www.paypal.com/cgi-bin/webscr?cmd=_donations&business=therabbitholewiki%40gmail.com&currency_code=USD&source=url",0,121
"66","https://paypal.me/infrarotmedien",0,118
"67","https://www.paypal.com/paypalme/NewsBlastReadings",0,117
"68","http://paypal.me/thefalseflag",0,115
"69","https://paypal.me/byoblu",0,108
"70","https://www.paypal.me/InformalTV",0,107
"71","paypal.me/CoronaFakten",0,105
"72","http://paypal.me/Kinderschuetzen",0,102
"73","https://www.paypal.com/paypalme/ElternSteheAuf",0,99
"74","https://www.paypal.com/paypalme/laquintacolumnainfo",0,99
"75","www.paypal.me/UnterstuetzungQA",0,98
"76","https://paypal.me/vickyrichter",0,96
"77","http://paypal.me/CoronaFakten",0,94
"78","https://www.paypal.com/donate/?hosted_button_id=U6TRQD7M2DANE",0,94
"79","paypal.me/DSdarialive",0,93
"80","https://www.paypal.com/donate/?hosted_button_id=HEWKCVWLE99TL",0,92
"81","paypal.me/boschimo",0,92
"82","http://paypal.me/RettetdieKinder",0,90
"83","http://paypal.me/IgnatiaIntolaerantia",0,89
"84","https://www.paypal.me/DelphinTV",0,82
"85","https://www.paypal.me/FreePeople2021",0,78
"86","https://paypal.me/LOVEstormpeople",0,77
"87","https://www.paypal.com/donate?hosted_button_id=87YGTAYPW3GHG",0,77
"88","https://www.paypal.com/paypalme/LLPADSL",0,77
"89","www.paypal.me/kulturstudio",0,77
"90","https://www.paypal.com/paypalme/alinealgudo",0,74
"91","https://www.paypal.com/paypalme/NaomiSeibt2000",0,71
"92","paypal.me/franktrumpet",0,71
"93","https://www.paypal.com/biz/fund?id=XQKGXFFCQHAHS",0,69
"94","https://www.paypal.com/cgi-bin/webscr?cmd=_s-xclick&hosted_button_id=X8PLDU7LCG6CU",0,67
"95","paypal.me/NathalieAlien",0,67
"96","https://www.paypal.com/cgi-bin/webscr?cmd=_s-xclick&hosted_button_id=E2H83HAKQ2SP6&source=url",0,65
"97","https://www.paypal.com/donate/?cmd=_s-xclick&hosted_button_id=TMKND5FHHTGGL&source=url",0,61
"98","https://www.paypal.com/donate/?hosted_button_id=GSUPV8Q32PN2A",0,61
"99","https://www.paypal.com/",0,60
"100","https://www.paypal.me/V4Vendatta",0,60
"101","https://paypal.me/donazioninct",0,59
"102","https://paypal.me/pools/c/8xRaWKyE1g",0,59
"103","paypal.me/JensReising",0,59
"104","https://www.paypal.com/donate/?cmd=_s-xclick&hosted_button_id=ENGBYP5Y6BP7C&source=urlJ",0,57
"105","https://www.paypal.com/paypalme/robertmatuschewski",0,57
"106","paypal.me/dubai87",0,53
"107","http://paypal.me/brittsche",0,52
"108","https://www.paypal.com/donate/?hosted_button_id=FFVQTHNCUY5M8",0,51
"109","https://www.paypal.me/truthseekerstv?locale.x=en_AU",0,51
"110","https://www.paypal.me/AnnaMariaAugust",0,50
"111","https://paypal.me/pools/c/8yuk2XxwZN",0,47
"112","https://www.paypal.com/paypalme/mindofheart",0,47
"113","https://www.paypal.me/AndreasGmertens",0,47
"114","https://www.paypal.com/donate/?hosted_button_id=74PZ5UZLN9FAG",0,46
"115","https://www.paypal.com/paypalme/casadelsoletv",0,46
"116","https://paypal.me/pools/c/8uKnKPxNZM",0,45
"117","https://paypal.me/pools/c/8z0MM6Zn8J",0,45
"118","https://www.paypal.com/donate/?hosted_button_id=6X48MBJLM9WYS",0,45
"119","https://www.paypal.com/donate/?hosted_button_id=9ZQH9WPBZECV4",0,45
"120","http://paypal.me/MovieNonstop",0,44
"121","http://paypal.me/dubai87",0,43
"122","http://paypal.me/ukvali",0,43
"123","https://paypal.me/NeighborhoodNews?locale.x=en_US",0,43
"124","https://paypal.me/SBauer93",0,42
"125","https://www.paypal.com/paypalme/IgnatiaIntolaerantia",0,42
"126","https://paypal.me/pools/c/8wkfvm0cy1",0,41
"127","https://www.paypal.me/streetlive3",0,41
"128","https://paypal.me/OYEmedia",0,39
"129","https://paypal.me/kulturstudio",0,39
"130","https://www.paypal.com/us/webapps/mpp/ua/useragreement-full?locale.x=en_US#restricted-activities",0,39
"131","https://www.paypal.me/ambrenoelani",0,39
"132","https://www.paypal.me/busfahrerthomas81",0,39
"133","www.paypal.me/AlanFountainAdvocate",0,39
"134","https://paypal.me/NeighborhoodNews?lo",0,38
"135","https://paypal.me/comliberipensatori?locale.x=it_IT",0,38
"136","https://www.paypal.com/paypalme/ledeclencheur",0,38
"137","https://paypal.me/truthblogde",0,37
"138","https://www.paypal.com/us/legalhub/acceptableuse-full?locale.x=en_US",0,37
"139","http://paypal.me/OYEmedia",0,36
"140","https://www.paypal.me/ZauberFee777?locale.x=de_DE",0,36
"141","https://paypal.me/VerborgeneWahrheit?country.x=DE&locale.x=de_DE",0,35
"142","https://www.paypal.com/donate/?cmd=_s-xclick&hosted_button_id=W9QUMEM4ACZ6N&source=url",0,34
"143","https://www.paypal.com/donate/?hosted_button_id=4AJQPWYX4JP4J",0,34
"144","https://www.paypal.me/Reiwerle",0,34
"145","paypal.me/pools/c/8xpgNd7Ifr",0,34
"146","www.paypal.com/paypalme/taylorlucjacobs",0,34
"147","http://paypal.me/MovieN",0,33
"148","https://paypal.me/pools/c/8uTeNtStlk",0,33
"149","https://paypal.me/kraftdeinergedanken",0,32
"150","https://paypal.me/nogreenpassadessobas",0,32
"151","https://paypal.me/pools/c/8scXpeAXy8",0,32
"152","https://www.paypal.com/pools/c/8Qi8mtX7ZH",0,32
"153","https://www.paypal.com/paypalme/drawandstrike",0,31
"154","http://paypal.me/2kaibrenner",0,30
"155","https://paypal.me/pools/c/8ACNnIhBGq",0,30
"156","https://www.paypal.com/donate?hosted_button_id=F5VY73HQSBVBA",0,30
"157","http://www.paypal.me/FrontWolf2020",0,29
"158","http://www.paypal.me/QanonAustria",0,29
"159","https://paypal.me/giuseppeterenzio",0,29
"160","https://paypal.me/laveritecensuree?country.x=FR&locale.x=fr_FR",0,28
"161","https://www.paypal.com/pools/c/8Q0zEvMvFf",0,28
"162","https://www.paypal.me/zainz69",0,28
"163","https://paypal.me/pools/c/8zdSqHIcn0",0,27
"164","https://www.paypal.com/paypalme/quartierlibre",0,27
"165","www.paypal.com/pools/c/8RoxaDs3He",0,27
"166","http://paypal.me/pianoacrosstheworld\u200b",0,26
"167","https://paypal.me/dasgroseerwachen2020?country.x=DE&locale.x=de_DE",0,26
"168","https://www.paypal.com/donate?hosted_button_id=CATWFZUQUP2BN",0,26
"169","https://www.paypal.com/donate?hosted_button_id=BK9A8GFRM5TVN",0,25
"170","paypal.me/AktivistMann",0,25
"171","www.paypal.me/rabbitresearch",0,25
"172","https://paypal.me/exorciste25?country.x=FR&locale.x=fr_F",0,24
"173","https://paypal.me/pools/c/8BSNOpV5Kc",0,24
"174","https://paypal.me/pools/c/8yJ4xqZEBv",0,24
"175","https://www.paypal.com/paypalme/TRUreporting",0,24
"176","https://www.paypal.com/paypalme/VolleSandrine?count",0,24
"177","https://www.paypal.me/Jackdawkins12",0,24
"178","paypal.me/nanalifestyler",0,24
"179","http://paypal.me/RobertR01",0,23
"180","http://paypal.me/cafeZeitlos",0,23
"181","http://paypal.me/nuoviso",0,23
"182","https://paypal.me/DrJaneRuby",0,23
"183","https://paypal.me/Wittwer946",0,23
"184","https://paypal.me/patrickpoppel",0,23
"185","https://www.paypal.com/paypalme/honkforhope",0,23
"186","https://www.paypal.com/paypalme/solifondwien",0,23
"187","https://www.paypal.me/1Research7Intel",0,23
"188","https://www.paypal.me/wjatscheslawseewald",0,23
"189","https://www.youtube.com/redirect?event=video_description&redir_token=QUFFLUhqbXRQYzg3enNvdGgwRkFOS3g1Ry10bEpqNDRSUXxBQ3Jtc0tsVkxyRXAwcFBkOHN3SDZGWnFOd2RsOFRiVDVrRDdqTXIyUEhaNnJvYWRuUk1yLWFPSVVfamhCYkRESzMyTklOQ0hnYkd2WVNlX2VTT1JEejRvYWtpN19XaHVINENfRng4bTlyT2NQdVJKaFZBamR6MA&q=https%3A%2F%2Fwww.paypal.me%2Frabbitresearch",0,23
"190","paypal.me/derthueringer",0,23
"191","paypal.me/laveritenoncensuree",0,23
"192","https://paypal.me/dancingwithdemons",0,22
"193","https://www.paypal.com/paypalme/tpproductionz",0,22
"194","https://www.paypal.me/LDNA",0,22
"195","https://www.paypal.me/Quasir",0,22
"196","https://www.paypal.me/sostengoary",0,22
"197","paypal.me/AlexanderEhrlich1979",0,22
"198","paypal.me/MainzFreeTV",0,22
"199","http://paypal.me/AktivistMann",0,20
"200","http://paypal.me/RettetdieKinder\U0001f198\ufe0f",0,20
"201","http://paypal.me/mindofheart",0,20
"202","https://paypal.com/pools/c/8Gz8ur4HIi",0,20
"203","https://www.paypal.com/paypalme/gordonpankalla",0,20
"204","https://www.paypal.me/ReneGegenTerrorismus",0,20
"205","https://www.paypal.me/giuseppeterenzio",0,20
"206","https://www.paypal.me/se883",0,20
"207","www.paypal.me/wirpartei",0,20
"208","http://paypal.me/kulturstudio",0,19
"209","https://www.paypal.com/donate/?hosted_button_id=EU5RGQJHPXVRC",1,19
"210","https://www.paypal.com/paypalme/EpochTimesDeutsch",0,19
"211","https://www.paypal.me/UgoRossi",0,19
"212","https://www.paypal.me/annihoehne",0,19
"213","paypal.me/BLindert",0,19
"214","paypal.me/BarthJoerg",0,19
"215","www.paypal.com/paypalme/EpochTimesDeutsch",0,19
"216","http://www.paypal.me/AlanFountainAdvocate",0,18
"217","https://paypal.me/exorciste25",0,18
"218","https://paypal.me/ivilamente?locale.x=it_IT",0,18
"219","https://www.paypal.com/cgi-bin/webscr?cmd=_s-xclick&",0,18
"220","https://www.paypal.com/donate/?hosted_button_id=AMCB9JK32XBYN",0,18
"221","https://www.paypal.com/donate/?token=zdjnkOKFwD_DFzWhOyMPB2_tp4FFD8gZaZUa-gGJsWH5xqzQXYjWewgywQUYQjLt96j9qlCuVEtghtVC&locale.x=US",0,18
"222","https://www.paypal.me/QanonAustria17",0,18
"223","https://www.paypal.me/daitaliaamore",0,18
"224","https://www.paypal.me/dieEmpfehlungskiste",0,18
"225","paypal.me/HJM45",0,18
"226","http://www.paypal.me/dauerwelle",0,17
"227","https://paypal.me/gaetanorotondo85?locale.x=it_IT",0,17
"228","https://paypal.me/unblogd",0,17
"229","https://www.paypal.com/paypalme/dcsiber?v=1&utm_source=unp&utm_medium=email&utm_campaign=RT000269&utm_unptid=f5092552-2d4b-11ec-b225-3cfdfeec0e59&ppid=RT000269&cnac=DE&rsta=de_DE%28de-DE%29&cust=4QFMM8GMTTPMY&unptid=f5092552-2d4b-11ec-b225-3cfdfeec0e59&calc=da23ed887f05b&unp_tpcid=ppme-social-user-profile-created&page=main%3Aemail%3ART000269&pgrp=main%3Aemail&e=cl&mchn=em&s=ci&mail=sys&appVersion=1.61.0&xt=104038",0,17
"230","https://www.paypal.com/paypalme/gutesache1",0,17
"231","https://paypal.me/ElternSteheAuf",0,16
"232","https://paypal.me/manjuheliez?country.x=FR&locale.x=_FR",0,16
"233","https://paypal.me/pools/c/8xNwfG9R4y",0,16
"234","https://www.paypal.com/donate/?hosted",0,16
"235","https://www.paypal.com/donate/?hosted_button_id=J3HCNPU3RPGCY",0,16
"236","https://www.paypal.com/paypalme/JarrinJackson",0,16
"237","https://www.paypal.me/paypalnoicontrump",0,16
"238","https://www.paypal.me/wimfelger",0,16
"239","www.paypal.me/solidaritaet2023",0,16
"240","http://www.paypal.me/Alphavuk",0,15
"241","https://paypal.me/greatawakening2020?locale.x=de_DE",0,15
"242","https://paypal.me/zweitewellefilm?locale.x=de_DE",0,15
"243","https://www.paypal.com/donate/?hosted_button_id=9XT5JF8KG4SZE&source=url",0,15
"244","https://www.paypal.com/donate/?hosted_button_id=K4H4QEK5TYJT4",0,15
"245","https://www.paypal.com/paypalme/bernburgstehtauf?country.x=DE&locale.x=de_DE",0,15
"246","https://www.paypal.com/paypalme/weitsichtde",0,15
"247","https://www.paypal.com/pools/c/8BmS7Zblcy",0,15
"248","https://www.paypal.com/pools/c/8xnE4B1fsF",0,15
"249","https://www.paypal.com/pools/c/8z84Euu250",0,15
"250","https://www.paypal.me/EpochTimesDeutsch",0,15
"251","https://www.paypal.me/francescoamodeo77",0,15
"252","paypal.me/2kaibrenner",0,15
"253","https://paypal.me/pools/c/8BcYOponln",0,14
"254","https://paypal.me/punktpreradovic",0,14
"255","https://www.paypal.com/cgi-bin/webscr",0,14
"256","https://www.paypal.com/donate/?hosted_button_id=AG26GG4JYRGW4",0,14
"257","https://www.paypal.com/donate?hosted_button_id=MAB82LHA4QB3U",0,14
"258","https://www.paypal.com/donate?hosted_button_id=NBABSN4XZ9DXA",0,14
"259","https://www.paypal.com/paypalme/klickblick",0,14
"260","https://www.paypal.com/pools/c/8P8w4ZxG9E",0,14
"261","https://www.paypal.me/BECCIOLININETWORK",0,14
"262","https://www.paypal.me/karlibonne",0,14
"263","paypal.me/freetruthmedia",0,14
"264","paypal.me/projekthilfe",0,14
"265","www.paypal.me/dauerwelle",0,14
"266","http://paypal.me/SoutienKlerEclaire",0,13
"267","https://www.paypal.com/paypalme/bearwolf77",0,13
"268","https://www.paypal.me/breitschuster",0,13
"269","paypal.me/afaev",0,13
"270","paypal.me/henningrosenbusch",0,13
"271","paypal.me/ignatiaintolaerantia",0,13
"272","www.paypal.me/EpochTimesDeutsch",0,13
"273","www.paypal.me/QanonAustria",0,13
"274","http://paypal.me/ThomMaxTV",0,12
"275","http://paypal.me/holistischgesund",0,12
"276","https://www.paypal.com/donate/?hosted_button_id=FFLPHEQ57SLQA",0,12
"277","https://www.paypal.com/paypalme/BEDGREG30",0,12
"278","https://www.paypal.com/paypalme/RevolteRheinland?country.x=DE&locale.x=de_DE",0,12
"279","https://www.paypal.com/paypalme/m8y1",0,12
"280","https://www.paypal.com/paypalme/maggafu",0,12
"281","https://www.paypal.com/pools/c/8uTeNtStlk",0,12
"282","https://www.paypal.me/ASchoeneis",0,12
"283","https://www.paypal.me/DeutscheZukunft",0,12
"284","https://www.paypal.me/DoQus",0,12
"285","https://www.paypal.me/Durchschauen",0,12
"286","https://www.paypal.me/Jackdawkins2019",0,12
"287","https://www.paypal.me/streetangelsuk",0,12
"288","www.paypal.me/WirfuerunsereKinder1",0,12
"289","http://paypal.me/kinderschuetzenneu",0,11
"290","https://paypal.me/putinfanclub",0,11
"291","https://www.paypal.com/donate/?hosted_button_id=87YGTAYPW3GHG",0,11
"292","https://www.paypal.com/donate/?hosted_button_id=LE8MRUKXEVVRS",0,11
"293","https://www.paypal.com/donate?hosted_button_id=52T9KFNR89LJE",0,11
"294","https://www.paypal.com/paypalme/RomeoSanteRire?country.x=FR&locale.x=fr_FR",0,11
"295","https://www.paypal.com/paypalme/infrarotmedien",0,11
"296","https://www.paypal.com/paypalme/puntointerno",0,11
"297","https://www.paypal.com/pools/c/8Shh5we8BQ",0,11
"298","https://www.paypal.com/pools/c/8xpgNd7Ifr",0,11
"299","https://www.paypal.me/QanonAustria",0,11
"300","www.paypal.me/AnonKristianVMZM",0,11
"301","www.paypal.me/se883",0,11
"302","http://paypal.me/CoronaInvestigative",0,10
"303","http://paypal.me/NathalieAlien",0,10
"304","http://www.paypal.me/SAMsoulandmind",0,10
"305","https://paypal.me/JoernAustinat",0,10
"306","https://paypal.me/freedomeofchoice?country.x=DE&locale.x=de_DE",0,10
"307","https://paypal.me/pools/c/8Bqf81UMWr",0,10
"308","https://paypal.me/stefanraven",0,10
"309","https://www.paypal.com/cgi-bin/webscr?cmd=_s-xclick&hosted_button_id=WRBNHZ82ATXCA",0,10
"310","https://www.paypal.com/donate/?hosted_button_id=BMS5P4GYV78M4",0,10
"311","https://www.paypal.com/paypalme/CoronaInvestigative",0,10
"312","https://www.paypal.com/paypalme/ElternSteheAuf?locale.x=de_DE",0,10
"313","https://www.paypal.com/paypalme/HeinrichGoettsche",0,10
"314","https://www.paypal.com/paypalme/RettetdieKinder",0,10
"315","https://www.paypal.com/paypalme/nutrinamie",0,10
"316","https://www.paypal.com/pools/c/8OPlfUAz2A",0,10
"317","https://www.paypal.me/daitaliaamore?locale.x=it_IT",0,10
"318","paypal.me/DSD",0,10
"319","paypal.me/DSDariaLive",0,10
"320","paypal.me/wissensgeist",0,10
"321","http://paypal.me/171702Q2Q",0,9
"322","http://paypal.me/ThomMaxTV\ufeff",0,9
"323","https://paypal.me/DSDariaLive",0,9
"324","https://paypal.me/ichbindermungo",0,9
"325","https://paypal.me/perindinekli1?locale.x=de_DE",0,9
"326","https://paypal.me/pools/c/8tuH3JxD8L",0,9
"327","https://www.paypal.com/donate/?cmd=_s-xclick&hosted_button_id=SYHLXPPXTA8C8",0,9
"328","https://www.paypal.com/donate/?cmd=_s-xclick&hosted_button_id=W9QUMEM4ACZ6N",0,9
"329","https://www.paypal.com/donate/?hosted_button_id=4492Q9EVUX9SE",0,9
"330","https://www.paypal.com/donate/?hosted_button_id=DDHB5ZQW4LP44",0,9
"331","https://www.paypal.com/donate/?hosted_button_id=NGFHEXRL69LWN",0,9
"332","https://www.paypal.com/donate?business=9HH8Q963LUTX6&no_recurring=0&item_name=GTV\xa4cy_code=AUD",0,9
"333","https://www.paypal.me/DigitalerChronist\u200b",0,9
"334","https://www.paypal.me/FreedomArmor",0,9
"335","https://www.paypal.me/InfosMinutsFrance",0,9
"336","https://www.paypal.me/MichiMichelBerger",0,9
"337","https://www.paypal.me/ZauberFee777?locale.x=de_DE\U0001f448",0,9
"338","https://www.paypal.me/ovalmediaberlin",0,9
"339","paypal.me/KristinLehmannSB",0,9
"340","paypal.me/friedensrike",0,9
"341","www.paypal.me/alexiscossette",0,9
"342","http://paypal.me/Gaia8",0,8
"343","http://paypal.me/liberidilavorare",0,8
"344","http://paypal.me/newshq",0,8
"345","http://paypal.me/pools/c/8rWzdcoe1w",0,8
"346","http://paypal.me/schwrzvyce",0,8
"347","https://paypal.me/DerAkupunkteur",0,8
"348","https://paypal.me/TransitionTV",1,8
"349","https://paypal.me/dieEmpfehlungskiste",0,8
"350","https://paypal.me/pools/c/8BIohGJLa2",0,8
"351","https://paypal.me/pools/c/8wROvUao7G",0,8
"352","https://paypal.me/pools/c/8wmv0ZnoNY",0,8
"353","https://paypal.me/uwebreuer8?locale.x=de_DE",0,8
"354","https://www.paypal.com/donate/?business=CGM59UD2LAWZQ&item_name=Thank+you+for+your+support+of+truth+in+news%2C+Bible+teaching+and+innovative+writing.&currency_code=USD&Z3JncnB0=",0,8
"355","https://www.paypal.com/donate/?hosted_button_id=6SSG75LSM6MJ8",0,8
"356","https://www.paypal.com/donate/?hosted_button_id=LA3EQXMLE5FA6",0,8
"357","https://www.paypal.com/donate/?hosted_button_id=RQQUPDTBZY626",0,8
"358","https://www.paypal.com/donate?token=W11OasS6mAONFDzQtOGs24phHiOfk32HbHQm85nH5iNPZZAX70aiTzF729QGGzPZHWyCfzqEQ2dbOTiD&locale.x=US",0,8
"359","https://www.paypal.com/paypalme/eventfoerderung",0,8
"360","https://www.paypal.com/paypalme/wjatscheslawseewald",0,8
"361","https://www.paypal.com/pools/c/8Tj8PP16Cd",0,8
"362","https://www.paypal.me/kulturstudio",0,8
"363","https://www.paypal.me/mittelerdetv",0,8
"364","paypal.me/BinkiCard",0,8
"365","paypal.me/DrJaneRuby",0,8
"366","paypal.me/JensEloasLachenmayr",0,8
"367","paypal.me/KPachis",0,8
"368","paypal.me/pools/c/8rWzdcoe1w",0,8
"369","www.paypal.com/paypalme/NaomiSeibt2000",0,8
"370","http://paypal.me/SEconomici",0,7
"371","http://paypal.me/se883",0,7
"372","http://www.paypal.me/gunnarkaiser",0,7
"373","https://paypal.me/aviyemini",0,7
"374","https://paypal.me/paypalnoicontrump",0,7
"375","https://paypal.me/pools/c/8mwGKWnolK",0,7
"376","https://paypal.me/russischewelt",0,7
"377","https://www.paypal.com/biz/fund?id=YST9PX5CXB8BL",0,7
"378","https://www.paypal.com/donate/?hosted_button_id=BMSWHN43W5W7W",0,7
"379","https://www.paypal.com/donate/?hosted_button_id=HYTTKH7JE8A42&Z3JncnB0=",0,7
"380","https://www.paypal.com/donate/?hosted_button_id=VZSD7888748U4",0,7
"381","https://www.paypal.com/donate?business=canal%40elmurodelaverdad.com&no_recurring=0&item_name=Donativos+a+El+Muro+de+la+Verdad&currency_code=EUR",0,7
"382","https://www.paypal.com/donate?hosted_button_id=6H9Y8E6XP79RQ",0,7
"383","https://www.paypal.com/paypalme/WWDLondon2022?country.x=GB&locale.x=en_GB",0,7
"384","https://www.paypal.com/paypalme/jedefendsmonenfant",0,7
"385","https://www.paypal.com/paypalme/my/profile",0,7
"386","https://www.paypal.com/pools/c/8xpgNd...\u200b",0,7
"387","https://www.paypal.me/Stefano180",0,7
"388","https://www.paypal.me/achseostwest",0,7
"389","https://www.paypal.me/ameliepaul333",0,7
"390","https://www.paypal.me/donazioninct",0,7
"391","https://www.paypal.me/patriciaerinneredich",0,7
"392","paypal.me/chloefram",0,7
"393","paypal.me/einsamerwanderer",0,7
"394","paypal.me/friedensarbeit",0,7
"395","paypal.me/kinderschuetzenneu",0,7
"396","http://paypal.me/AlexanderEhrlich1979",0,6
"397","http://paypal.me/BellaNapoli1967",0,6
"398","http://paypal.me/DSdarialive",0,6
"399","http://paypal.me/buergerstimme",0,6
"400","http://paypal.me/nikolaibinner/\u200b\u200b",0,6
"401","http://www.paypal.com/paypalme/HansMerer",0,6
"402","https://paypal.me/AktivistMann",0,6
"403","https://paypal.me/EinwandFreiTV",0,6
"404","https://paypal.me/LucaDonadel",0,6
"405","https://paypal.me/SalimLaibiLLP?locale.x=fr_FR",0,6
"406","https://paypal.me/WWDLondon2022",0,6
"407","https://paypal.me/elijahtee",0,6
"408","https://paypal.me/grundeinkommengva",0,6
"409","https://paypal.me/pools/c/8AQfljfMPb",0,6
"410","https://paypal.me/pools/c/8BEueViehH",0,6
"411","https://paypal.me/pools/c/8BY9GHFNWx",0,6
"412","https://paypal.me/pools/c/8pAjgZ4Kt1\u200b",0,6
"413","https://paypal.me/pools/c/8wmEV8wvvg",0,6
"414","https://paypal.me/pools/c/8y0rxZK5ii",0,6
"415","https://paypal.me/wochenschau",0,6
"416","https://www.paypal.com/donate/?hosted_button_id=BS5CSSV87M8JE",0,6
"417","https://www.paypal.com/donate/?hosted_button_id=ZPCZ62W2W7MVW",0,6
"418","https://www.paypal.com/paypalme/Janamuenchen",0,6
"419","https://www.paypal.com/paypalme/Klage21",0,6
"420","https://www.paypal.com/paypalme/evano",0,6
"421","https://www.paypal.com/paypalme/holgerfischerschenk?locale.x=de_DE",0,6
"422","https://www.paypal.com/paypalme/laquintacolumna",0,6
"423","https://www.paypal.com/pools/c/8Mu5M6MESu",0,6
"424","https://www.paypal.me/DigitalerChronist",0,6
"425","https://www.paypal.me/MichelMichaelWittwer",0,6
"426","https://www.paypal.me/gaiamedia",0,6
"427","https://www.paypal.me/ilcomplottologo",0,6
"428","https://www.paypal.me/meindz",0,6
"429","https://www.paypal.me/sauvonsalphaoumar",0,6
"430","https://www.paypal.me/supportkonstantin",0,6
"431","https://www.youtube.com/redirect?event=video_description&redir_token=QUFFLUhqbkJoaWhBT2FJaG81c3F3SE1DSFQtUTA2RTVXd3xBQ3Jtc0tseWo0Y21PWXZPWFdxTnhxcUpOemVWUXk3dWIxMmdNWEduNVgxcEdEaUpVUFNVZzFJS29IYnU5TEVHaEFjR2pvYngtTGtRVENJWkk2UkQ0VV9ZX1ZscmJDQl9SVzFyaFExanFkRndZYUtpa29wMV9nRQ&q=http%3A%2F%2Fpaypal.me%2Fnikolaibinner%2F%E2%80%8B%E2%80%8B",0,6
"432","https://www.youtube.com/redirect?v=09moNQxarS4&event=video_description&redir_token=QUFFLUhqblVxRzFuRU9uQWNBc1c2ckFyQk4ydWl6WWRpd3xBQ3Jtc0trNHViTmNtUnNpc1NSWnV0RVk2MGdjMWdOTzFWMmNpZXJ6UFhDTTBjUWdfMnNiaFU5dVpFeFY1VkduajVodHN1aDRjeFFIcU41M2k5SjBJU1gxWkJFRWxMRjFIczJweUwzbVYxSGYwNjZRSWlPRjRxOA%3D%3D&q=https%3A%2F%2Fwww.paypal.me%2Frabbitresearch",0,6
"433","paypal.me/MrSchnurr",0,6
"434","paypal.me/kulturstudio",0,6
"435","paypal.me/onfrab",0,6
"436","www.paypal.com/donate/?hosted_button_id=ZRD7LLCPFS8AJ",0,6
"437","http://paypal.me/AndreasVorhoelter",0,5
"438","http://paypal.me/kraftdeinergedanken",0,5
"439","https://beckernews.com/elon-musk-fires-back-at-paypals-insane-policy-to-seize-2500-from-users-if-it-disagrees-with-their-beliefs-47362/",0,5
"440","https://paypal.com/pools/c/8EhWA6x3Fz",0,5
"441","https://paypal.com/pools/c/8FHCNcREau",0,5
"442","https://paypal.me/lerefugeonline",0,5
"443","https://paypal.me/pools/c/8yIwXTCPSM",0,5
"444","https://www.paypal.com/cgi-bin/webscr?cmd=_s-xclick",0,5
"445","https://www.paypal.com/de/webapps/mpp/ua/useragreement-full?locale.x=de_DE#actions-restricted-activities1",0,5
"446","https://www.paypal.com/donate/?cmd=_s-xclick&hosted_button_id=DDHB5ZQW4LP44&source=ur",0,5
"447","https://www.paypal.com/donate/?cmd=_s-xclick&hosted_button_id=JKSS3277UUG4Y",0,5
"448","https://www.paypal.com/donate/?hosted_button_id=24X6JZV6KU7K8",0,5
"449","https://www.paypal.com/donate/?hosted_button_id=79C5879U8XVXU",0,5
"450","https://www.paypal.com/donate/?hosted_button_id=CHSAPTCNSKDDS",0,5
"451","https://www.paypal.com/donate?hosted_button_id=6ZUTN372A3H46&source=url",0,5
"452","https://www.paypal.com/donate?hosted_button_id=J8KYD6RL84BDU",0,5
"453","https://www.paypal.com/donate?hosted_button_id=PXYDYRMMQDEVU",0,5
"454","https://www.paypal.com/paypalme/ClaraStatello",0,5
"455","https://www.paypal.com/paypalme/TprodFR",0,5
"456","https://www.paypal.com/paypalme/Volle",0,5
"457","https://www.paypal.com/paypalme/andre",0,5
"458","https://www.paypal.com/paypalme/chiefmoody32?country.x=GB&locale.x=en_GB",0,5
"459","https://www.paypal.com/paypalme/fabrootsyoutube",0,5
"460","https://www.paypal.com/paypalme/laileastick",0,5
"461","https://www.paypal.com/pools/c/8QVOJtDshc",0,5
"462","https://www.paypal.com/pools/c/8SPgkRdXr0",0,5
"463","https://www.paypal.com/pools/c/8SrSN2vOWb",0,5
"464","https://www.paypal.com/pools/c/8TrHvfH3NU",0,5
"465","https://www.paypal.com/pools/c/8vSJfgMIjw",0,5
"466","https://www.paypal.com/pools/c/8yXsNARJO2",0,5
"467","https://www.paypal.me/ElternSteheAuf",0,5
"468","https://www.paypal.me/MartinGerloff",0,5
"469","https://www.paypal.me/hofdahlhoff",0,5
"470","https://www.paypal.me/terenzio245",0,5
"471","https://www.paypal.me/wirmachenauf",0,5
"472","paypal.me/0815PETER",0,5
"473","paypal.me/CoronaFa",0,5
"474","paypal.me/IPeci",0,5
"475","paypal.me/janicht",0,5
"476","paypal.me/koblenzimdialog",0,5
"477","paypal.me/kraftdeinergedanken",0,5
"478","w.paypal.com/paypalme/WWDLondon2022",0,5
"479","www.paypal.me/AnonKristianWien",0,5
"480","http://paypal.me/IPeci",0,4
"481","http://paypal.me/MovieNonstop/2",0,4
"482","http://paypal.me/NextLevelMagazin",0,4
"483","http://paypal.me/Rolf31",0,4
"484","http://paypal.me/anieswelt",0,4
"485","http://paypal.me/covidhealer",0,4
"486","http://paypal.me/infrarotmedien",0,4
"487","http://paypal.me/studitelegram",0,4
"488","http://paypal.me/viktoriiaskl",0,4
"489","http://www.paypal.com/donate?hosted_button_id=TFPRGPJYR4J9L",0,4
"490","http://www.paypal.me/projekthilfe",0,4
"491","http://www.paypal.me/propatriafest",0,4
"492","https://l.facebook.com/l.php?u=https%3A%2F%2Fwww.paypal.me%2Fannihoehne%3Ffbclid%3DIwAR1skkjA9Rm5LDopBAqVsowdsRNpQK-W_1XuabXIjsjXmEda7owGotQI-t8&h=AT1heIr8WiAVFZbxGvKlp5hKDFYOAnGSlyTA8t_dV8m3IhMtEufpyOpCo4yPusOlLeV7psSwuY0nbzm34fIMvl7iEVwjvHToWhogLguwmxQH-O4zL7uhjFXl2msYVGX5ifrjtvbIhg",0,4
"493","https://paypal.me/3j1000",0,4
"494","https://paypal.me/ErikaSchuh1?locale",0,4
"495","https://paypal.me/PatelPatriot?locale.x=en_US",0,4
"496","https://paypal.me/VolleSandrine?count",0,4
"497","https://paypal.me/annadebuisseret",0,4
"498","https://paypal.me/fernsehautor",0,4
"499","https://paypal.me/fernsehautor\u200b",0,4
"500","https://paypal.me/friedensrike",0,4
"501","https://paypal.me/goddeketal",0,4
"502","https://paypal.me/infrarotmedien",1,4
"503","https://paypal.me/namaskarInstitut/55",0,4
"504","https://paypal.me/pools/c/8AJ3AFDVjD",0,4
"505","https://paypal.me/pools/c/8BiWNwqBv4",0,4
"506","https://paypal.me/pools/c/8BmS7Zblcy",0,4
"507","https://paypal.me/pools/c/8BoEKKqV3U",0,4
"508","https://paypal.me/pools/c/8CV0lXF7Gf",0,4
"509","https://paypal.me/pools/c/8CcjJutMNI",0,4
"510","https://paypal.me/pools/c/8nvZkGPMWK",0,4
"511","https://www.paypal.com/biz/fund?id=3QY4CA7U8GS2U",0,4
"512","https://www.paypal.com/de/webapps/mpp/send-money-online",0,4
"513","https://www.paypal.com/donate/?campaign_id=5YMM594ENSC3E&source=url",0,4
"514","https://www.paypal.com/donate/?hosted_button_id=4JZ4APMTMZ2PA",0,4
"515","https://www.paypal.com/donate/?hosted_button_id=AQHKZ9FZ2M72Q",0,4
"516","https://www.paypal.com/donate/?hosted_button_id=HLKJXXSJVBQKN",0,4
"517","https://www.paypal.com/donate/?hosted_button_id=K2P3ZA2KVDWFS",0,4
"518","https://www.paypal.com/donate/?hosted_button_id=LMQHQ344TKJSU",0,4
"519","https://www.paypal.com/donate/?hosted_button_id=LMQHQ344TKJSU&fbclid=IwAR0rcpifYx3SQ0fe0AaC0DnPyxkLJqh1X6npoBtJq9hfKWyJBvYuNuXsZME",0,4
"520","https://www.paypal.com/donate/?hosted_button_id=MRY4V9YEBVHCL",0,4
"521","https://www.paypal.com/donate/?hosted_button_id=TN24N7YSVV7HY",0,4
"522","https://www.paypal.com/donate/?hosted_button_id=UDK5Z5W5NFNH6",0,4
"523","https://www.paypal.com/donate?hosted_",0,4
"524","https://www.paypal.com/donate?hosted_button_id=2GJ9KHDM9C6C4",1,4
"525","https://www.paypal.com/donate?hosted_button_id=52V8DYP2GX8V8",0,4
"526","https://www.paypal.com/donate?hosted_button_id=JGY462RLSRJRW",0,4
"527","https://www.paypal.com/donate?hosted_button_id=KHWXB6SW52LRQ",0,4
"528","https://www.paypal.com/donate?hosted_button_id=Q9UXGH537QRBW",0,4
"529","https://www.paypal.com/donate?hosted_button_id=SM9SCNW8TJKA2",0,4
"530","https://www.paypal.com/donate?hosted_button_id=VE5SB9EERVRBG",0,4
"531","https://www.paypal.com/paypalme/MentalityZone?country.x=FR&locale.x=fr_FR",0,4
"532","https://www.paypal.com/paypalme/PatWeinV",0,4
"533","https://www.paypal.com/paypalme/deceptionsorg",0,4
"534","https://www.paypal.com/paypalme/dubai87",0,4
"535","https://www.paypal.com/paypalme/facciamofintacheGL",0,4
"536","https://www.paypal.com/paypalme/friedensarbeit",0,4
"537","https://www.paypal.com/paypalme/greatawakening2020?locale.x=de_DE",0,4
"538","https://www.paypal.com/paypalme/iammazikeen13",0,4
"539","https://www.paypal.com/paypalme/reveildupeuple?locale.x=fr_FR",0,4
"540","https://www.paypal.com/paypalme/sandrine5332",0,4
"541","https://www.paypal.com/paypalme/vDarknessFalls?country.x=US&locale.x=en_US",0,4
"542","https://www.paypal.com/pools/c/8CO5a1JZzZ",0,4
"543","https://www.paypal.com/pools/c/8D9Liz6KbJ",0,4
"544","https://www.paypal.com/pools/c/8HUPK2ILVz",0,4
"545","https://www.paypal.com/pools/c/8NsFd25wUJ",0,4
"546","https://www.paypal.com/pools/c/8oBdCUn7zQ",0,4
"547","https://www.paypal.com/pools/c/8vvLDufrJP",0,4
"548","https://www.paypal.com/us/smarthelp/contact-us/aupviolation",0,4
"549","https://www.paypal.me/Derekblighe1",0,4
"550","https://www.paypal.me/connectiv",0,4
"551","https://www.paypal.me/cryptowelt",0,4
"552","https://www.paypal.me/evanoteva",0,4
"553","https://www.paypal.me/evarosen2020",1,4
"554","https://www.paypal.me/liberidilavorare",0,4
"555","https://www.paypal.me/nuoviso",0,4
"556","https://www.paypal.me/ukvali",0,4
"557","https://www.paypal.me/weltdergesundheittv",0,4
"558","paypal.me/Bocksaga",0,4
"559","paypal.me/DSDariaLiv",0,4
"560","paypal.me/Projekthilfe",0,4
"561","paypal.me/SEYoungsters",0,4
"562","paypal.me/dankedemo",0,4
"563","paypal.me/hochwasserhilfe269",0,4
"564","paypal.me/pools/c/8xRaWKyE1g",0,4
"565","stellar-paypal.com",0,4
"566","www.paypal.com/paypalme/NewsBlastReadings",0,4
"567","www.paypal.me/LDNA",0,4
"568","www.paypal.me/QanonAustria17",0,4
"569","www.paypal.me/lutzbachmann",0,4
"570","http://paypal.me/3j1000",0,3
"571","http://paypal.me/SpendeBeerdigungHuwi",0,3
"572","http://paypal.me/pianoacrosstheworld",0,3
"573","https://paypal.me/Alexander325?country.x=CH&locale.x=de_DE",0,3
"574","https://paypal.me/ElternSteheAuf?locale.x=de_DE",0,3
"575","https://paypal.me/NeighborhoodNews?locale",0,3
"576","https://paypal.me/NeighborhoodNews?locale.x=enUS",0,3
"577","https://paypal.me/ProtestMediaLive",0,3
"578","https://paypal.me/Reiwerle?locale.x=de_DE",0,3
"579","https://paypal.me/concienciagalactica",0,3
"580","https://paypal.me/laquintacolumna",0,3
"581","https://paypal.me/olivarisongs",0,3
"582","https://paypal.me/pools/c/8AAkIl9Lat",0,3
"583","https://paypal.me/pools/c/8AnIQSxsSE",0,3
"584","https://paypal.me/pools/c/8Bco8EKv2M",0,3
"585","https://paypal.me/pools/c/8ngow12a1v",0,3
"586","https://paypal.me/pools/c/8pJoPL8omp",0,3
"587","https://paypal.me/pools/c/8vHASt72fZ",0,3
"588","https://paypal.me/pools/c/8w6Ryei4Yj",0,3
"589","https://paypal.me/pools/c/8yKPSuW3PP",0,3
"590","https://paypal.me/pools/c/8ysiG0zb3p",0,3
"591","https://paypal.me/pools/c/8zL1JhH2U6",0,3
"592","https://paypal.me/pools/c/8zjawAcDjU",0,3
"593","https://paypal.me/schnellepost",0,3
"594","https://paypal.me/thebigreset?locale.x=es_ES",0,3
"595","https://paypal.me/vicihamm",0,3
"596","https://www.paypal.com/cgi-bin/webscr?cmd=_s-xclick&hosted_button_id=QS9HV4X8CTCGY",0,3
"597","https://www.paypal.com/de/smarthelp/article/why-did-paypal-close-my-money-pool--faq4563#09",0,3
"598","https://www.paypal.com/donate/?campaign_id=NRRBSKBVD2PPU",0,3
"599","https://www.paypal.com/donate/?hosted_button_id=6JFQEJXEFLV2J",0,3
"600","https://www.paypal.com/donate/?hosted_button_id=D8AQET322L5QC",0,3
"601","https://www.paypal.com/donate/?hosted_button_id=DF24ZHTGC75PG",0,3
"602","https://www.paypal.com/donate/?hosted_button_id=KL6Q47LM6CQKW",0,3
"603","https://www.paypal.com/donate/?hosted_button_id=MRH8LGZARRQJ2",0,3
"604","https://www.paypal.com/donate/?hosted_button_id=T3AAH2TZRVSL2",0,3
"605","https://www.paypal.com/donate/?hosted_button_id=WGLVXFT5W4HPU",0,3
"606","https://www.paypal.com/donate/?hosted_button_id=WH6UGQQ77SEEW",0,3
"607","https://www.paypal.com/donate?hosted_button_id=77NSXK7JYL5XY",0,3
"608","https://www.paypal.com/donate?hosted_button_id=A3CV67X4ENU5N",0,3
"609","https://www.paypal.com/donate?hosted_button_id=KL6Q47LM6CQKWl",0,3
"610","https://www.paypal.com/donate?hosted_button_id=M7GQE9LW93M8C",0,3
"611","https://www.paypal.com/donate?token=lgw0I6CiD79mJ7swoKNzKsSa_JsH9OX8wVVEPm3suT_Fp93E2Ooi1o53_b22iKCdxRcwfaCtDTzOGlzu&locale.x=DE",0,3
"612","https://www.paypal.com/donate?token=oJDbo4tMJ9btjD9mIerCNI4yT2Bjdq6gpW6eAuTe3y_uNWNJfDAtZKt-BdiZHQDGMieF4wCKfDIgj7Kv",0,3
"613","https://www.paypal.com/donate?token=uKn1QGAFL_Oq1807eQ7RHqxrJK5ajkzrxB_5sgPGq86oKaI5XTDb_oz3mALGyr3R8e8w9IysS6NKjvfn",0,3
"614","https://www.paypal.com/paypalme/ManuelaPatrizi",0,3
"615","https://www.paypal.com/paypalme/NEWVALUEMEDIA",0,3
"616","https://www.paypal.com/paypalme/Tataufbau?locale.x=en_US",0,3
"617","https://www.paypal.com/paypalme/casadelsoletv\u2026",0,3
"618","https://www.paypal.com/paypalme/fabiankolb05",0,3
"619","https://www.paypal.com/paypalme/giuseppeterenzio",0,3
"620","https://www.paypal.com/paypalme/legrandreveilfr",0,3
"621","https://www.paypal.com/paypalme/maatkem",0,3
"622","https://www.paypal.com/paypalme/paypalnoicontrump",0,3
"623","https://www.paypal.com/pools/c/8HrjtovCZ9",0,3
"624","https://www.paypal.com/pools/c/8IDYzc25NK",0,3
"625","https://www.paypal.com/pools/c/8OfMxy5PAk",0,3
"626","https://www.paypal.com/pools/c/8QWKh9SXu2",0,3
"627","https://www.paypal.com/pools/c/8TbWkiKVja",0,3
"628","https://www.paypal.com/pools/c/8UeXKYcdNK",0,3
"629","https://www.paypal.com/us/webapps/mpp/ua/useragreement-full?locale.x=en_US#s4-restricted-activities",0,3
"630","https://www.paypal.me/Aussieseeker",0,3
"631","https://www.paypal.me/BjoernPuls",0,3
"632","https://www.paypal.me/DivineWarriorSpirit",0,3
"633","https://www.paypal.me/ElternSteheAuf?locale.x=de_DE",0,3
"634","https://www.paypal.me/HalloMeinung",0,3
"635","https://www.paypal.me/Hhoballah",0,3
"636","https://www.paypal.me/MellyAyden?locale.x=d",0,3
"637","https://www.paypal.me/Yasin007",0,3
"638","https://www.paypal.me/ZDAC04?locale.x=fr_FR",0,3
"639","https://www.paypal.me/andyruediger",0,3
"640","https://www.paypal.me/byoblu",0,3
"641","https://www.paypal.me/dominikparadies",0,3
"642","https://www.paypal.me/freedomeofchoice?locale.x=de_DE",0,3
"643","https://www.paypal.me/gaianetwork",0,3
"644","https://www.paypal.me/hellohelloRaphael",0,3
"645","https://www.paypal.me/kamanesen",0,3
"646","https://www.paypal.me/news74",0,3
"647","https://www.paypal.me/rabbitresearch",0,3
"648","https://www.paypal.me/samstepfit",0,3
"649","https://www.paypal.me/ygdrasoul",0,3
"650","https://www.youtube.com/redirect?event=video_description&redir_token=QUFFLUhqbXlreFdpT3kydVhYQWFzczdBSUVtS3pxbE1xZ3xBQ3Jtc0tsSTZmdTJsWGFNRDlRVmZTcGhReldmMGRrUzdWRVBnOWRwVm9YUzRwSkZTRENlT09ZSmIwUWQ0QUNLOFlHYl9nby1VTHF4a0wtSEMySWJhc1lXaTRYdm1xR0hhdW5NZWFGeEU0MU9KYjEzY2tBOWJYaw&q=https%3A%2F%2Fwww.paypal.com%2Fdonate%2F%3Fcmd%3D_s-xclick%26hosted_button_id%3DNXXWMGE36YH6G%26source%3Durl",0,3
"651","paypal.me/AnnaMariaAugust",0,3
"652","paypal.me/CoronaFakten\u2764\ufe0f",0,3
"653","paypal.me/CouchAnderas",0,3
"654","paypal.me/DSdarialiv",0,3
"655","paypal.me/DekiZN",0,3
"656","paypal.me/HeimatD",0,3
"657","paypal.me/NadiaCioce",0,3
"658","paypal.me/PatriotenFlutopfer",0,3
"659","paypal.me/SEconomici",0,3
"660","paypal.me/StefanoFait",0,3
"661","paypal.me/ToniProbst",0,3
"662","paypal.me/VeriteDiffusee",0,3
"663","paypal.me/g3group",0,3
"664","paypal.me/intothelight177",0,3
"665","paypal.me/mutkidz",0,3
"666","paypal.me/nikolasebay",0,3
"667","paypal.me/pianoacrosstheworld",0,3
"668","paypal.me/pools/c/835IiPnQDQ",0,3
"669","paypal.me/thedeframingchannelMERCH",0,3
"670","paypal.me/worteleben",0,3
"671","www.paypal.com/donate/?cmd=_s",0,3
"672","www.paypal.com/donate/?hosted_button_id=ZPCZ62W2W7MVW",0,3
"673","www.paypal.me/Aussieseekers",0,3
"674","www.paypal.me/highvibesup",0,3
"675","www.paypal.me/projekthilfe",0,3
"676","www.paypal.me/wirparte\u010f",0,3
"677","www.paypal.me/wirpartei2",0,3
"678","http://paypal.me/InesCremer",0,2
"679","http://paypal.me/KellerMaria",0,2
"680","http://paypal.me/MaxKittanFilm",0,2
"681","http://paypal.me/NessunaCorrelazione",0,2
"682","http://paypal.me/acegraphicx",0,2
"683","http://paypal.me/chakrenpower",0,2
"684","http://paypal.me/greatawakeningenhyt",0,2
"685","http://paypal.me/hackerdirk",0,2
"686","http://paypal.me/ilmni",0,2
"687","http://paypal.me/jennystarshine/77,77",0,2
"688","http://paypal.me/kesslercoaching",0,2
"689","http://paypal.me/kessycuts",0,2
"690","http://paypal.me/piotrswierc",0,2
"691","http://paypal.me/studiscientifici",0,2
"692","http://paypal.me/unblogd",0,2
"693","http://www.paypal.me/UnterstuetzungQA",0,2
"694","https://paypal.me/AlexanderEhrlich1979",0,2
"695","https://paypal.me/AnsaEntertainment",0,2
"696","https://paypal.me/BayernStehtZusammen?country.x=DE&locale.x=de_DE",0,2
"697","https://paypal.me/CLLDARITAETREHUM1",0,2
"698","https://paypal.me/CWolfgangJahn",0,2
"699","https://paypal.me/CatherineThurner",0,2
"700","https://paypal.me/CentreSTRATPOL",0,2
"701","https://paypal.me/HIffland",0,2
"702","https://paypal.me/HalloMeinung",0,2
"703","https://paypal.me/ImNovaSky",0,2
"704","https://paypal.me/JaegerCVM2",0,2
"705","https://paypal.me/LMIsoutiens?locale\u2026",0,2
"706","https://paypal.me/MarcusF197",0,2
"707","https://paypal.me/MartinFellier?country.x=AT&locale.x=de_DE",0,2
"708","https://paypal.me/Menschenrechtler",0,2
"709","https://paypal.me/MohamedDialloLive?l",0,2
"710","https://paypal.me/SteffiAuroraReFakt",0,2
"711","https://paypal.me/antoinecuttitta?country.x=FR&lo",0,2
"712","https://paypal.me/docfrankenstin?country.x=IT&locale.x=it_IT",0,2
"713","https://paypal.me/gaetanorotondo85?locale.x=it_It",0,2
"714","https://paypal.me/kesslercoaching",0,2
"715","https://paypal.me/ketzerderneuzeit",0,2
"716","https://paypal.me/michaelballweg1637?locale.x=de_DE",0,2
"717","https://paypal.me/mikebravodude?locale.x=en_US",0,2
"718","https://paypal.me/mos0804",0,2
"719","https://paypal.me/nathalieyamb",0,2
"720","https://paypal.me/po",0,2
"721","https://paypal.me/pools/c/8Ai2u6visv",0,2
"722","https://paypal.me/pools/c/8Beaji0BL0",0,2
"723","https://paypal.me/pools/c/8Bg7KsodZM",0,2
"724","https://paypal.me/pools/c/8C21CcutzW",0,2
"725","https://paypal.me/pools/c/8CAchrWDei",0,2
"726","https://paypal.me/pools/c/8CJRx1ZYy2",0,2
"727","https://paypal.me/pools/c/8CfhHL156V",0,2
"728","https://paypal.me/pools/c/8D60Mvu4I3",0,2
"729","https://paypal.me/pools/c/8fv5QeKS4W",0,2
"730","https://paypal.me/pools/c/8pAjgZ4Kt1\u200b\u200b",0,2
"731","https://paypal.me/pools/c/8sUjnyFoAB",0,2
"732","https://paypal.me/pools/c/8uKnKPxNZMk",0,2
"733","https://paypal.me/pools/c/8ub908FnvG",0,2
"734","https://paypal.me/pools/c/8xnE4B1fsF",0,2
"735","https://paypal.me/pools/c/8xpgNd7Ifr\u200b",0,2
"736","https://paypal.me/pools/c/8yEG627BFs",0,2
"737","https://paypal.me/pools/c/8yVDdZFBkn",0,2
"738","https://paypal.me/pools/c/8yqncJtVL2",0,2
"739","https://paypal.me/pools/c/8zQGqV5O8G",0,2
"740","https://paypal.me/pools/campaign/115308722166219336",0,2
"741","https://paypal.me/pools/campaign/116885829863940612?v=1&utm_source=unp&utm_medium=email&utm_campaign=RT000447&utm_unptid=39d69b82-20be-11ec-9035-40a6b7293384&ppid=RT000447&cnac=FR&rsta=fr_FR%28fr-FR%29&cust=XYNLUCTBYM6BN&unptid=39d69b82-20be-11ec-9035-40a6b7293384&calc=f873970a195fd&unp_tpcid=money-pool-goal-created&page=main%3Aemail%3ART000447&pgrp=main%3Aemail&e=cl&mchn=em&s=ci&mail=sys&appVersion=1.59.0wrjscc06&xt=104038",0,2
"742","https://paypal.me/sylvieluther57?country.x=FR&loc",0,2
"743","https://paypal.me/sylvieluther57?country.x=FR&locale.x=fr_FR",0,2
"744","https://paypal.me/tommypositiv?country.x=DE&locale.x=de_DE",0,2
"745","https://paypal.me/veramariawolferseder",0,2
"746","https://paypal.me/ww3info",0,2
"747","https://www.paypal.c",0,2
"748","https://www.paypal.com",0,2
"749","https://www.paypal.com/biz/fund?id=LK5DP8ED85TZ2",0,2
"750","https://www.paypal.com/cgi-bin/webscr?cmd",0,2
"751","https://www.paypal.com/cgi-bin/webscr?cmd=_s-xclick&hosted_button_id=DDHB5ZQW4LP44&source=ur",0,2
"752","https://www.paypal.com/cgi-bin/webscr?cmd=_s-xclick&hosted_button_id=DKALSA78XSG26",0,2
"753","https://www.paypal.com/cgi-bin/webscr?cmd=_s-xclick&hosted_button_id=H9WRESCRNYHYG&source=url",0,2
"754","https://www.paypal.com/cgi-bin/webscr?cmd=_s-xclick&hosted_button_id=L5GAJV2XTJTLY",0,2
"755","https://www.paypal.com/donate/....?hosted_button_id=BM",0,2
"756","https://www.paypal.com/donate/?cmd=_s-xclick&hosted_button_id=3YKTNP3ARC5CJ&source=url",0,2
"757","https://www.paypal.com/donate/?cmd=_s-xclick&hosted_button_id=RC589E459Y3EQ&source=url",0,2
"758","https://www.paypal.com/donate/?hosted_button_id=48KZT6SYT2R44",0,2
"759","https://www.paypal.com/donate/?hosted_button_id=8BF5CW7RW6G5U",0,2
"760","https://www.paypal.com/donate/?hosted_button_id=8LXSRNHDHKUWJ",0,2
"761","https://www.paypal.com/donate/?hosted_button_id=8RCJJ928FUPEN",0,2
"762","https://www.paypal.com/donate/?hosted_button_id=8T9PTRU2MRDBE",0,2
"763","https://www.paypal.com/donate/?hosted_button_id=9KVSTFYNW23YY",0,2
"764","https://www.paypal.com/donate/?hosted_button_id=FZGW6L2D7NFTN&Z3JncnB0=",0,2
"765","https://www.paypal.com/donate/?hosted_button_id=KDMNPWMS7PL9G",0,2
"766","https://www.paypal.com/donate/?hosted_button_id=PWKJLB5U56PXS",0,2
"767","https://www.paypal.com/donate/?hosted_button_id=XMAZPG5NC5F8N",0,2
"768","https://www.paypal.com/donate/?token=I2jdMTkuc4fyJMHath-ORPSYijeGr3hkUX-MKcAqtXFIWGM_bRlbUYq-b436fsNiLMtN40&country.x=DE&locale.x=DE",0,2
"769","https://www.paypal.com/donate/?token=vVxlot0HBd189aSJ888q3A2cNtjZ7NamjH1Y0g8ysxquv97-JEWeUZ6lK4IH__OkVTG6OW&country.x=DE&locale.x=DE",0,2
"770","https://www.paypal.com/donate?hosted_button_id=5C6JYZYHWW6YW",0,2
"771","https://www.paypal.com/donate?hosted_button_id=5W4UEHB4T4KWN",1,2
"772","https://www.paypal.com/donate?hosted_button_id=87YGTA",0,2
"773","https://www.paypal.com/donate?hosted_button_id=8T9PTRU2MRDBE",0,2
"774","https://www.paypal.com/donate?hosted_button_id=9KVSTFYNW23YY",0,2
"775","https://www.paypal.com/donate?hosted_button_id=TLPXXGF4BXX3A",0,2
"776","https://www.paypal.com/donate?hosted_button_id=WTBW5J4KLCSF8",0,2
"777","https://www.paypal.com/donate?hosted_button_id=YC95EQJVPJGSG",0,2
"778","https://www.paypal.com/donate?hosted_button_id=YST9PX5CXB8BL",0,2
"779","https://www.paypal.com/donate?hosted_button_id=ZGRWJ8U9XJ5XL",0,2
"780","https://www.paypal.com/donate?token=YpVR8nmpryeKBNfHsA9OhbwxYHagTDERnhM2OSVniwxyfFxSaiZ3G6hvf7KtbPpmfPA_AGSYDgGIf0l5&locale.x=DE",0,2
"781","https://www.paypal.com/donate?token=_0eZOfVmVHxjtgOXiIPxYQ5mHD_nvnbIysEC3fXFWkw3wbL_3Cs_-Gn_DBEVPAsI-CPkocwpqKtx1pVF",0,2
"782","https://www.paypal.com/donate?token=eu7DeiQTIiA1A5RE2bicwtaEtYsxbJpqz5z-ZBDBGNX2B_ym7uY1Pz8C9DStzxEU6juYwzmJ2YcWTawx",0,2
"783","https://www.paypal.com/paypalme/AuthorTCH",0,2
"784","https://www.paypal.com/paypalme/IsabelCuervoJourno",0,2
"785","https://www.paypal.com/paypalme/KaiStuht",0,2
"786","https://www.paypal.com/paypalme/NaturalNobility",0,2
"787","https://www.paypal.com/paypalme/TransitionTV",0,2
"788","https://www.paypal.com/paypalme/archiveanon",0,2
"789","https://www.paypal.com/paypalme/auswege",0,2
"790","https://www.paypal.com/paypalme/dieblauenlichter?country.x=DE&locale.x=de_DE",0,2
"791","https://www.paypal.com/paypalme/donak",0,2
"792","https://www.paypal.com/paypalme/fernsehautor",0,2
"793","https://www.paypal.com/paypalme/idaheidelberg?country.x=DE&locale.x=de_DE",0,2
"794","https://www.paypal.com/paypalme/innovapol",0,2
"795","https://www.paypal.com/paypalme/milanfans82?locale.x=it_IT",0,2
"796","https://www.paypal.com/paypalme/mitteldeutschlandTV",0,2
"797","https://www.paypal.com/paypalme/my/profilehttps://fr",0,2
"798","https://www.paypal.com/paypalme/nexusdon",0,2
"799","https://www.paypal.com/paypalme/okkulteswissen",0,2
"800","https://www.paypal.com/paypalme/oneaddyadds",0,2
"801","https://www.paypal.com/paypalme/ovalmediaberlin",0,2
"802","https://www.paypal.com/paypalme/patsolwien",0,2
"803","https://www.paypal.com/paypalme/penseesk",0,2
"804","https://www.paypal.com/paypalme/relevonsnous1984",0,2
"805","https://www.paypal.com/paypalme/resistandact",0,2
"806","https://www.paypal.com/paypalme/rober",0,2
"807","https://www.paypal.com/paypalme/solidaritaet2023",0,2
"808","https://www.paypal.com/paypalme/streetangelsuk?locale.x=en_GB",0,2
"809","https://www.paypal.com/paypalme/thedragonsden493",0,2
"810","https://www.paypal.com/pools/c/8BaVyfMSkY",0,2
"811","https://www.paypal.com/pools/c/8IHXU82K6Y",0,2
"812","https://www.paypal.com/pools/c/8M2tjB1kKT",0,2
"813","https://www.paypal.com/pools/c/8NsFd2",0,2
"814","https://www.paypal.com/pools/c/8OPnTZS8RC",0,2
"815","https://www.paypal.com/pools/c/8Rn6COs4fO",0,2
"816","https://www.paypal.com/pools/c/8RpByPxf0v",0,2
"817","https://www.paypal.com/pools/c/8SLrvzGnfV",0,2
"818","https://www.paypal.com/pools/c/8T2hKUGTqB",0,2
"819","https://www.paypal.com/pools/c/8mwGKWnolK",0,2
"820","https://www.paypal.com/pools/c/8oZsMCKcgJ",0,2
"821","https://www.paypal.com/pools/c/8scXpeAXy8",0,2
"822","https://www.paypal.com/pools/c/8tuH3JxD8L",0,2
"823","https://www.paypal.com/pools/c/8u3VJJKGyq",0,2
"824","https://www.paypal.com/pools/c/8yB6CrCJtI",0,2
"825","https://www.paypal.com/pools/c/8zrJ2DydwY",0,2
"826","https://www.paypal.com/us/webapps/mpp/ua/upcoming-policies-full",0,2
"827","https://www.paypal.com/webapps/billing/plans/subscribe?plan_id=P-4MK06361YM2639800MPHH4VI",0,2
"828","https://www.paypal.me/ABOVEGROUNDWORLDNEWS",0,2
"829","https://www.paypal.me/AHopp280",0,2
"830","https://www.paypal.me/AussieCossackAU",0,2
"831","https://www.paypal.me/AussieCossackAu",0,2
"832","https://www.paypal.me/BEDGREG30",0,2
"833","https://www.paypal.me/CesareSacchetti",0,2
"834","https://www.paypal.me/DanielleStotijn",0,2
"835","https://www.paypal.me/DianaKulikovaIvanova",0,2
"836","https://www.paypal.me/DoQus777?locale.x=de_DE",0,2
"837","https://www.paypal.me/DraNataliaPrego",0,2
"838","https://www.paypal.me/ErzengelRaziel",0,2
"839","https://www.paypal.me/IKappler%E2%80%8B",0,2
"840","https://www.paypal.me/IPeci",0,2
"841","https://www.paypal.me/MarkusGiletsJaunes",0,2
"842","https://www.paypal.me/Querdenken83Allgaeu",0,2
"843","https://www.paypal.me/SilkeMara",0,2
"844","https://www.paypal.me/StefanBrackmann",0,2
"845","https://www.paypal.me/TotalEclipsePage",0,2
"846","https://www.paypal.me/alihuenposetto",0,2
"847","https://www.paypal.me/annihoehne\u200b",0,2
"848","https://www.paypal.me/cheruskerin",0,2
"849","https://www.paypal.me/dannytommo",0,2
"850","https://www.paypal.me/dauerwelle",0,2
"851","https://www.paypal.me/evitaperonass",0,2
"852","https://www.paypal.me/fairtalk",0,2
"853","https://www.paypal.me/gunnarkaiser",0,2
"854","https://www.paypal.me/gwalkin",0,2
"855","https://www.paypal.me/henrykstoeckl",0,2
"856","https://www.paypal.me/iamleegarrett",0,2
"857","https://www.paypal.me/intothelight177",0,2
"858","https://www.paypal.me/jackdawkins2020",0,2
"859","https://www.paypal.me/lapazmc",0,2
"860","https://www.paypal.me/lebendigundfrei",0,2
"861","https://www.paypal.me/mietzemaunz",0,2
"862","https://www.paypal.me/olivarisongs",0,2
"863","https://www.paypal.me/onfrab",0,2
"864","https://www.paypal.me/pforzheimrevolte",0,2
"865","https://www.paypal.me/plasmateamliberty",0,2
"866","https://www.paypal.me/querdenken621",0,2
"867","https://www.paypal.me/wjatscheslawsee",0,2
"868","https://www.youtube.com/redirect?event=video_description&redir_token=QUFFLUhqa2JVMmhUQlE4aXUxS2Y5enZiMFA2aWppc3dsUXxBQ3Jtc0tsNnhqOHZFRElrQlEtQ2lqN1BTMmRxUlpfWFJubkVjeVpEVEtRc0JOb3Y2SUJFcFcxNm1rNnQ1Q05lRnJDazlQT0lVYmFBekNnZlowTWQyM1ZyQk9OUE9RMGVvV3o0REZUcUlaT0w4MHUteVM2elNrUQ&q=https%3A%2F%2Fwww.paypal.me%2Ffairtalk&v=DYKh04QAKnk",0,2
"869","https://www.youtube.com/redirect?event=video_description&redir_token=QUFFLUhqbUhYODhDaGk3VUJQa0FXOWVPNUF4bnRTZFhoUXxBQ3Jtc0trNjJpaW9kd2VTMGxnVnBKUHZ2cTZTWFlTbmZOaXRKSnZGWS1HckJyQVU1cHc3TUpfaGRmMlREX3RhbEZ6Q0w3OE1KZGl0SF8tMThyV1FwWVFnLWxONE1vMnZxbVJaa3hRRnVfMTVoLUtIRkdqMTZRcw&q=https%3A%2F%2Fwww.paypal.com%2Fpaypalme%2Fdonakarpos%3Flocale.x%3Dit_IT",0,2
"870","https://www.youtube.com/redirect?event=video_description&redir_token=QUFFLUhqbl9BVTdaclNneDcwTWhlYktndjlnQVN2X29Dd3xBQ3Jtc0tuQWdlRDlLbm5SSW45a1haQ0pmU0xLZnpvZHlXU3cwS0dQbzNzbjVYbjc5RUllam11UHRmcVBfYXZVOHowUElXRjRFdnFKYmNtck5oOEw3SnNVMzF1R2xYUmVkaDZIQ0hyTUc5cUg1d1I5d2ZNdk9lMA&q=https%3A%2F%2Fpaypal.me%2Fpools%2Fc%2F8vHASt72fZ",0,2
"871","https:/paypal.me/OYEmedia",0,2
"872","https:/www.paypal.com/paypalme/afaev",0,2
"873","paypal.me",0,2
"874","paypal.me/",0,2
"875","paypal.me/171702Q2Q",0,2
"876","paypal.me/AH202017",0,2
"877","paypal.me/CoronaInvestigative",0,2
"878","paypal.me/DSda",0,2
"879","paypal.me/DSdar",0,2
"880","paypal.me/MauriceKKolloff",0,2
"881","paypal.me/QanonAustria",0,2
"882","paypal.me/WirStehenAuf",0,2
"883","paypal.me/andreahe1",0,2
"884","paypal.me/auswege",0,2
"885","paypal.me/davidopinionmaker",0,2
"886","paypal.me/einHerzfuerMenschen",0,2
"887","paypal.me/gunnarkaiser",0,2
"888","paypal.me/honkforhope",0,2
"889","paypal.me/mimfreiheit",0,2
"890","paypal.me/pools/c/8wmEV8wvv",0,2
"891","paypal.me/pools/c/8wmEV8wvvg",1,2
"892","paypal.me/pools/c/8x2AEog0rP",0,2
"893","paypal.me/russischewelt",0,2
"894","paypal.me/schwingtgut",0,2
"895","paypal.me/spendekommuneeifel",0,2
"896","paypal.me/ultimoratg",0,2
"897","paypal.me/ww3info",0,2
"898","paypal.me/yoice",0,2
"899","ww.paypal.com/paypalme/WWDLondon2022",0,2
"900","www.paypal.com/donate?hosted_button_id=TLPXXGF4BXX3A",0,2
"901","www.paypal.com/paypalme/IsabelCuervoJourno",0,2
"902","www.paypal.com/paypalme/quartierlibre",0,2
"903","www.paypal.com/paypalme/taylorundteam",0,2
"904","www.paypal.me/QAKristian",0,2
"905","www.paypal.me/ameliepaul333",0,2
"906","www.paypal.me/bordernights",0,2
"907","www.paypal.me/helenehilfe",0,2
"908","www.paypal.me/stupitt\\r\\nhttps://",0,2
"909","Https://paypal.me/NamaskarInstitut/33",0,1
"910","Https://paypal.me/unblogd",0,1
"911","http://Www.paypal.me/dauerwelle",0,1
"912","http://paypal.com/paypalme/statenationalseminar",0,1
"913","http://paypal.me/HeimatD",0,1
"914","http://paypal.me/JensReising",0,1
"915","http://paypal.me/MauriceKKolloff",0,1
"916","http://paypal.me/MovieNon",0,1
"917","http://paypal.me/OLichtner",0,1
"918","http://paypal.me/PQUINTO1?fbclid=IwAR05ssAXJX0ZLSLR55s5CwGoIIV5LGXTbGB64JDlmakkbBPH2Feu_Np_BT4",0,1
"919","http://paypal.me/Thorina14",0,1
"920","http://paypal.me/archeiaaurora",0,1
"921","http://paypal.me/cardonbass75",0,1
"922","http://paypal.me/dasgrosseerwachen202",0,1
"923","http://paypal.me/dersubjektivestudent",0,1
"924","http://paypal.me/derthueringer",0,1
"925","http://paypal.me/elijahtee",0,1
"926","http://paypal.me/gdgerman",0,1
"927","http://paypal.me/greatawakening2020",0,1
"928","http://paypal.me/ilmn",0,1
"929","http://paypal.me/jennystarshine/22,22",0,1
"930","http://paypal.me/jennystarshine/33,33",0,1
"931","http://paypal.me/mahyartousi88",0,1
"932","http://paypal.me/marioamueller",0,1
"933","http://paypal.me/olivarisongs",0,1
"934","http://paypal.me/parlevrai",0,1
"935","http://paypal.me/plewi",0,1
"936","http://paypal.me/schuledeslichtsSimon",0,1
"937","http://paypal.me/schwurbeldelight",0,1
"938","http://paypal.me/wikifiedler",0,1
"939","http://paypal.me/wissensgeist?fbclid=IwAR3BOgnnVHKJGkIyOWihR8kW5wVh-yzmHHAiI_kWUwenbrPqNNTRNGyw8ng",0,1
"940","http://www.paypal.com/paypalme/endlosfrei",0,1
"941","http://www.paypal.com/paypalme/gordonpankalla",0,1
"942","http://www.paypal.me/AlexisCossette",0,1
"943","http://www.paypal.me/freiesmedienportal",0,1
"944","http://www.paypal.me/frontwolf2020",0,1
"945","http://www.paypal.me/informazionelibera",0,1
"946","http://www.paypal.me/mariorank",0,1
"947","http://www.paypal.me/mitteldeutschlandTV",0,1
"948","http://www.paypal.me/videostephenguy",0,1
"949","https://004.frnl.de/lt/t_go.php?i=32384&e=MTAxNzI3OTI1&l=-https--www.paypal.com/cgi-bin/webscr--Q-cmd--E-_s-xclick--A-hosted_button_id--E-%20YN6L46D8YPEN2--A-item_name--E-Christenschutz%20Projektzuordnung:%20433405Z46741",0,1
"950","https://004.frnl.de/lt/t_go.php?i=32404&e=MTAyMDExODQ1&l=-https--www.paypal.com/cgi-bin/webscr--Q-cmd--E-_s-xclick--A-hosted_button_id--E-%20YN6L46D8YPEN2--A-item_name--E-Zivile%20Allianz%20Projektzuordnung:%20441588Z47028",0,1
"951","https://004.frnl.de/lt/t_go.php?i=32683&e=MTA0MTYwNzcy&l=-https--www.paypal.com/cgi-bin/webscr--Q-cmd--E-_s-xclick--A-hosted_button_id--E-%20YN6L46D8YPEN2--A-item_name--E-Buergerrecht%20Direkte%20Demokratie%20454563Z48551",0,1
"952","https://004.frnl.de/lt/t_go.php?i=32733&e=&l=-https--www.paypal.com/cgi-bin/webscr--Q-cmd--E-_s-xclick--A-hosted_button_id--E-%20YN6L46D8YPEN2--A-item_name--E-Zivile%20Allianz%20Projektzuordnung:%20%PERS_2422%",0,1
"953","https://ift.tt/2NnNVr3ttps://www.paypal.com/paypalme/kulturstudio",0,1
"954","https://paypal.com/donate/?hosted_button_id=Z3E6VLVDN8ZBC",0,1
"955","https://paypal.com/pools/c/8GU1fC2d4S",0,1
"956","https://paypal.com/pools/c/8GkpcYgElJ",0,1
"957","https://paypal.me",0,1
"958","https://paypal.me/ALPASONI?locale.x=e",0,1
"959","https://paypal.me/AlfaOmegaChannel",0,1
"960","https://paypal.me/AmazingPowerofPrayer",0,1
"961","https://paypal.me/AnecdotalsMovie",0,1
"962","https://paypal.me/Anjeza57",0,1
"963","https://paypal.me/CaminanteUniversal",0,1
"964","https://paypal.me/DrSeuch?country.x=DE&locale.x=de_DE",0,1
"965","https://paypal.me/EkklesiaArkansas?locale.x=en_US",0,1
"966","https://paypal.me/GalimaYoam",0,1
"967","https://paypal.me/HansTobiasDuswald?locale.x=en_US",0,1
"968","https://paypal.me/KIEZeV",0,1
"969","https://paypal.me/KimIversenShow",0,1
"970","https://paypal.me/Kinderschuetzen",0,1
"971","https://paypal.me/KristiLeighTV?country.x=US&locale.x=en_US",0,1
"972","https://paypal.me/Kylelove1488?country.x=GB&locale.x=en_GB",0,1
"973","https://paypal.me/LMIsoutiens?locale",0,1
"974","https://paypal.me/LogicBeforeAuthority",0,1
"975","https://paypal.me/NamaskarInstitut/",0,1
"976","https://paypal.me/NeighborhoodN",0,1
"977","https://paypal.me/NeighborhoodNew",0,1
"978","https://paypal.me/NeighborhoodNews",0,1
"979","https://paypal.me/NeighborhoodNews?lo...\u200b",0,1
"980","https://paypal.me/NeighborhoodNews?loc",0,1
"981","https://paypal.me/NeighborhoodNews?local",0,1
"982","https://paypal.me/OLichtner",0,1
"983","https://paypal.me/PastorStuart",0,1
"984","https://paypal.me/PollyStGeorge",0,1
"985","https://paypal.me/Reinformation2point0?country.x=FR&locale.x=fr_FR",0,1
"986","https://paypal.me/Reiwerle",0,1
"987","https://paypal.me/SPENDEsolidFACTS",0,1
"988","https://paypal.me/SalimLaibiL",0,1
"989","https://paypal.me/SalimLaibiLLP?lo",0,1
"990","https://paypal.me/SalimLaibiLLP?loc",0,1
"991","https://paypal.me/Sebasstian85",0,1
"992","https://paypal.me/StefanBrackmann",0,1
"993","https://paypal.me/VSOFdonation",0,1
"994","https://paypal.me/VitamineBe?country.x=FR&locale.x=fr_FR",0,1
"995","https://paypal.me/asociatiasperanta",0,1
"996","https://paypal.me/bloomnow?country.x=AU&locale.x=en_AU",0,1
"997","https://paypal.me/chrigiTV",0,1
"998","https://paypal.me/eldisparatetv",0,1
"999","https://paypal.me/elementariaAL",0,1
"1000","https://paypal.me/fabiankolb05",0,1
"1001","https://paypal.me/gerussia",0,1
"1002","https://paypal.me/groundzerochannel",0,1
"1003","https://paypal.me/gulinati?country.x=IT&locale.x=it_IT",0,1
"1004","https://paypal.me/idaheidelberg",0,1
"1005","https://paypal.me/irelandclark77",0,1
"1006","https://paypal.me/jackdawkins2020?locale.x=en_GB",0,1
"1007","https://paypal.me/ladyairre?locale.x=it_IT",0,1
"1008","https://paypal.me/mamalution",0,1
"1009","https://paypal.me/medicosporlaverdadEs?locale.x=es_ES",0,1
"1010","https://paypal.me/movimentolibertario?country.x=IT&locale.x=it_IT",0,1
"1011","https://paypal.me/movimentolibertario?locale.x=it_IT",0,1
"1012","https://paypal.me/musicaproductions",0,1
"1013","https://paypal.me/nullpunktfilm",0,1
"1014","https://paypal.me/onfrab",0,1
"1015","https://paypal.me/paradifundirlaverdad?locale.x=es_ES",0,1
"1016","https://paypal.me/peopleforpeoples?locale.x=en_GB",0,1
"1017","https://paypal.me/pools/c/82xVL69",0,1
"1018","https://paypal.me/pools/c/8AM3KTtmjT",0,1
"1019","https://paypal.me/pools/c/8AiVso8tO6",0,1
"1020","https://paypal.me/pools/c/8AnaPdbacE",0,1
"1021","https://paypal.me/pools/c/8AykHM9NgN",0,1
"1022","https://paypal.me/pools/c/8BB3UBi12v",0,1
"1023","https://paypal.me/pools/c/8BcYhAJEYo",0,1
"1024","https://paypal.me/pools/c/8BdQJ3I7Kt",0,1
"1025","https://paypal.me/pools/c/8BdYvWen3c",0,1
"1026","https://paypal.me/pools/c/8BkxkbeYnY",0,1
"1027","https://paypal.me/pools/c/8BlfRv4ldx",0,1
"1028","https://paypal.me/pools/c/8BnAhRGtVt",0,1
"1029","https://paypal.me/pools/c/8CSaoDDNfu",0,1
"1030","https://paypal.me/pools/c/8DbvJn4cSF",0,1
"1031","https://paypal.me/pools/c/8DkYA61lMU",0,1
"1032","https://paypal.me/pools/c/8gaITwaxbb",0,1
"1033","https://paypal.me/pools/c/8hGC8FVdbS",0,1
"1034","https://paypal.me/pools/c/8i3hU3syey",0,1
"1035","https://paypal.me/pools/c/8k5TGbH8fW",0,1
"1036","https://paypal.me/pools/c/8kPHkWf6bx",0,1
"1037","https://paypal.me/pools/c/8rw00yJfQJ",0,1
"1038","https://paypal.me/pools/c/8sCBYrZpB1",0,1
"1039","https://paypal.me/pools/c/8uQPGs18np",0,1
"1040","https://paypal.me/pools/c/8ug1GNDtuC",0,1
"1041","https://paypal.me/pools/c/8vHDPj3ASe",0,1
"1042","https://paypal.me/pools/c/8vdKgHWKFs",0,1
"1043","https://paypal.me/pools/c/8voVqYex3C",0,1
"1044","https://paypal.me/pools/c/8vvLDufrJP",0,1
"1045","https://paypal.me/pools/c/8wAi4zWTWm",0,1
"1046","https://paypal.me/pools/c/8wAm53cTm5",0,1
"1047","https://paypal.me/pools/c/8wkfvm0cy1y",0,1
"1048","https://paypal.me/pools/c/8xFsAoeiMZ",0,1
"1049","https://paypal.me/pools/c/8xRoHZDfHR",0,1
"1050","https://paypal.me/pools/c/8xYfrkiUOB",0,1
"1051","https://paypal.me/pools/c/8xeaQqJSiJ",0,1
"1052","https://paypal.me/pools/c/8yW1zzSwQo",0,1
"1053","https://paypal.me/pools/c/8yXsNARJO2",0,1
"1054","https://paypal.me/pools/c/8zLxN3KYFh",0,1
"1055","https://paypal.me/pools/campaign/115320739484725031",0,1
"1056","https://paypal.me/pools/campaign/115708330218787741",0,1
"1057","https://paypal.me/rafftrader",0,1
"1058","https://paypal.me/sandrine5332?country.x=FR&locale.x=fr_FR",0,1
"1059","https://paypal.me/sonodanse?locale.x=fr_CA",0,1
"1060","https://paypal.me/terenzio245",0,1
"1061","https://paypal.me/urcdj?locale.x=en_US",0,1
"1062","https://vk.com/away.php?to=https%3A%2F%2Fpaypal.me%2FJocePaulTrad%3Flocale.x%3Dfr_FR&post=598629731_85728&cc_key=",0,1
"1063","https://vk.com/away.php?to=https%3A%2F%2Fpaypal.me%2Fpools%2Fc%2F8pAjgZ4Kt1&post=-203796258_37&cc_key=",0,1
"1064","https://vk.com/away.php?to=https%3A%2F%2Fwww.paypal.com%2Fpools%2Fc%2F8xpgNd7Ifr&post=-203796258_37&cc_key=",0,1
"1065","https://www.faz.net/aktuell/finanzen/paypal-gruender-thiel-bezeichnet-buffett-als-soziopathischen-opa-17944377.html",0,1
"1066","https://www.notonthebeeb.co.uk/post/boycott-paypal",0,1
"1067","https://www.paypal",0,1
"1068","https://www.paypal.com/at/smarthelp/article/was-ist-xoom-und-wie-funktioniert-es-faq3340",0,1
"1069","https://www.paypal.com/biz/fund?id=AVXK4K6JJHCTG",0,1
"1070","https://www.paypal.com/cgi-bin/webscr?cmd=_s-xclick&hosted_button_id=5RQB2LULS2CPQ&source=url",0,1
"1071","https://www.paypal.com/cgi-bin/webscr?cmd=_s-xclick&hosted_button_id=8LL5GDJG9BRRJ&source=url",0,1
"1072","https://www.paypal.com/cgi-bin/webscr?cmd=_s-xclick&hosted_button_id=DKALSA78XSG26&source=url",0,1
"1073","https://www.paypal.com/cgi-bin/webscr?cmd=_s-xclick&hosted_button_id=ED2GTZXQ9MDCE&source=url",0,1
"1074","https://www.paypal.com/cgi-bin/webscr?cmd=_s-xclick&hosted_button_id=R4NJGKLBFBJ",0,1
"1075","https://www.paypal.com/cgi-bin/webscr?cmd=_s-xclick&hosted_button_id=R8N3ETNL9U4UN&source=url",0,1
"1076","https://www.paypal.com/cgi-bin/webscr?cmd=_s-xclick&hosted_button_id=SG97YJE5E6HTL",0,1
"1077","https://www.paypal.com/de/webapps/mpp/ua/upcoming-policies-full#:~:text=nach%2030%20Tagen-,G%C3%BCltig%20ab%2031.%20Oktober%202022%3A,Bezahlung%20nach%2030%20Tagen%22%20vorzunehmen",0,1
"1078","https://www.paypal.com/donate/",0,1
"1079","https://www.paypal.com/donate/?business=M55U8L8S9HURY&no_recurring=0\xa4cy_code=AUD",0,1
"1080","https://www.paypal.com/donate/?cm",0,1
"1081","https://www.paypal.com/donate/?cmd=_donations&business=M8DEXFNL55CV4&item_name=Donations&currency_code=USD&Z3JncnB0",0,1
"1082","https://www.paypal.com/donate/?cmd=_donations&business=admin@publicchildprotectionwales.org&item_name=Public%20Child%20Protection%20Wales&currency_code=GBP",0,1
"1083","https://www.paypal.com/donate/?cmd=_s-xclick&hosted_button_id=ED2GTZXQ9MDCE&source=url",0,1
"1084","https://www.paypal.com/donate/?cmd=_s-xclick&hosted_button_id=HT54R4N4BRB48&source=url",0,1
"1085","https://www.paypal.com/donate/?cmd=_s-xclick&hosted_button_id=L37HG9EMVTBYN",0,1
"1086","https://www.paypal.com/donate/?cmd=_s-xclick&hosted_button_id=V3262UB4KFAKW",0,1
"1087","https://www.paypal.com/donate/?cmd=_s-xclick&hosted_button_id=V3262UB4KFAKW&source=url",0,1
"1088","https://www.paypal.com/donate/?hosted\u2026",0,1
"1089","https://www.paypal.com/donate/?hosted_button_id=2BZZF5XKZSVKA",0,1
"1090","https://www.paypal.com/donate/?hosted_button_id=3GE52GP97YH4E",0,1
"1091","https://www.paypal.com/donate/?hosted_button_id=5HKXYRJEC3HLU",0,1
"1092","https://www.paypal.com/donate/?hosted_button_id=7W5KGJMSHLUDG",0,1
"1093","https://www.paypal.com/donate/?hosted_button_id=8N34W79ZP77TW",0,1
"1094","https://www.paypal.com/donate/?hosted_button_id=AS4JYV4XMZLYY",0,1
"1095","https://www.paypal.com/donate/?hosted_button_id=CA5YKPANP7Q2J",0,1
"1096","https://www.paypal.com/donate/?hosted_button_id=D574TDQQUR8YC",0,1
"1097","https://www.paypal.com/donate/?hosted_button_id=DFFZUVRCR7TEN",0,1
"1098","https://www.paypal.com/donate/?hosted_button_id=FKMBCNYWQ9ZMA",0,1
"1099","https://www.paypal.com/donate/?hosted_button_id=FWX8RMEDCBNUU",0,1
"1100","https://www.paypal.com/donate/?hosted_button_id=H5J2X5TU6GWJA",0,1
"1101","https://www.paypal.com/donate/?hosted_button_id=H8S58QTJ478D6",0,1
"1102","https://www.paypal.com/donate/?hosted_button_id=HM5JVLFD5JNFG",0,1
"1103","https://www.paypal.com/donate/?hosted_button_id=JDH6929TYG4CS",0,1
"1104","https://www.paypal.com/donate/?hosted_button_id=KLFGDBQ74Q4J4",0,1
"1105","https://www.paypal.com/donate/?hosted_button_id=LQZ56TANPGT4Y",0,1
"1106","https://www.paypal.com/donate/?hosted_button_id=MZWJN8F988J94",0,1
"1107","https://www.paypal.com/donate/?hosted_button_id=PBWXDEQV7EEDY",0,1
"1108","https://www.paypal.com/donate/?hosted_button_id=Q5CQC5L6E5GU2",0,1
"1109","https://www.paypal.com/donate/?hosted_button_id=REA5GXL7DSP3G",0,1
"1110","https://www.paypal.com/donate/?hosted_button_id=RLSJA6SN9Q8ZC",0,1
"1111","https://www.paypal.com/donate/?hosted_button_id=T6VUBZTWZ7F6Y",0,1
"1112","https://www.paypal.com/donate/?hosted_button_id=V8BER9HMULJJL",0,1
"1113","https://www.paypal.com/donate/?hosted_button_id=VNXDTMB4BATKQ",0,1
"1114","https://www.paypal.com/donate/?hosted_button_id=VVR3FZJXC85SN",0,1
"1115","https://www.paypal.com/donate/?hosted_button_id=WH6UGQQ77SEEW&fbclid=IwAR0223MLFOaIWwrse0gX17HlfiKB9j6OBRkFwl0PK75p95PlX8BQEUgOFjU",0,1
"1116","https://www.paypal.com/donate/?hosted_button_id=XRBZE42P6RCTQ",0,1
"1117","https://www.paypal.com/donate/?hosted_button_id=YTZPXP86LQC3G",0,1
"1118","https://www.paypal.com/donate/?hosted_button_id=ZA56XC7HVMVRY",0,1
"1119","https://www.paypal.com/donate/?hosted_button_id=ZRD7LLCPFS8AJ",0,1
"1120","https://www.paypal.com/donate/?token=8lmE5mdYeGVq2a1Ss_kOA3L_TjcRfdoRrchXL3ysm8Uco-lIa5RoTeRX3-pTZFSdFRCNL0&country.x=DE&locale.x=de_DE&Z3JncnB0=",0,1
"1121","https://www.paypal.com/donate/?token=NV6wUyYaj3cRCzH9AXZb4Wq7QD3BtwaP0cgaPI_p-oDI6Y_KFp_A70V_Qfi83w13bsSpTG&country.x=DE&locale.x=DE",0,1
"1122","https://www.paypal.com/donate/?token=PQJXYxiNBHaN5T2gg0zgIjfFtvw4o1wvhMALzy3iyIR6FTjGq8_k58hOr3IczKz2Rkgg00&country.x=DE&locale.x=DE",0,1
"1123","https://www.paypal.com/donate/?token=cQ6kSjxmMFa4fOVMEV6ZNCQDDds08bp4xLcDaWwF7uHXWyPjv7IPrkeN-WYpSTOiBQ6nh0&country.x=DE&locale.x=DE",0,1
"1124","https://www.paypal.com/donate/?token=m-hE_2DezuYhraK37kXpimDhMS_mykjzrCVfctaXg0rIF1S3PH_F7CrzdFfigLZCdnET9jxBaMTzji7n&locale.x=sk_SK",0,1
"1125","https://www.paypal.com/donate?business=canal%40elmurodelaverdad.com&no_recurrin",0,1
"1126","https://www.paypal.com/donate?campaign_id=922AV775KZ2LJ",0,1
"1127","https://www.paypal.com/donate?hosted_...\u200b",0,1
"1128","https://www.paypal.com/donate?hosted_button_id=5HKXYRJEC3HLU",0,1
"1129","https://www.paypal.com/donate?hosted_button_id=6ZUTN372A3H46&source=url\U0001f44d",0,1
"1130","https://www.paypal.com/donate?hosted_button_id=7C34LYZCQU8FA",0,1
"1131","https://www.paypal.com/donate?hosted_button_id=7NHRP4FT53CFE",0,1
"1132","https://www.paypal.com/donate?hosted_button_id=8GGH7Q7CR87GG",0,1
"1133","https://www.paypal.com/donate?hosted_button_id=8YYU97VSA43A6",0,1
"1134","https://www.paypal.com/donate?hosted_button_id=A3TRP5ALP8E5Q",0,1
"1135","https://www.paypal.com/donate?hosted_button_id=AJA6BB32XSHTE",0,1
"1136","https://www.paypal.com/donate?hosted_button_id=AY27ZT3XGPG3E",0,1
"1137","https://www.paypal.com/donate?hosted_button_id=E6NZBH24ETE78",0,1
"1138","https://www.paypal.com/donate?hosted_button_id=J554D2SQYSGQ6",0,1
"1139","https://www.paypal.com/donate?hosted_button_id=JRTU259L9MVVE",0,1
"1140","https://www.paypal.com/donate?hosted_button_id=KVZF3CPZADQ3W",0,1
"1141","https://www.paypal.com/donate?hosted_button_id=TNQ3Z2YNMR3SY",0,1
"1142","https://www.paypal.com/donate?hosted_button_id=UQV3A3YASWSMU",0,1
"1143","https://www.paypal.com/donate?hosted_button_id=VE5SB9",0,1
"1144","https://www.paypal.com/donate?hosted_button_id=VLGQBQWKMZUB",0,1
"1145","https://www.paypal.com/donate?hosted_button_id=XVY2E2HP9TFPJ",0,1
"1146","https://www.paypal.com/donate?token=EQ5ei0tHd7tlGEmCTCb6-_Qs-neTBf4UeKCK7VTQRtqTEkP5M0bhOIUWabxyByxQYelzz4L2kc7onkOS",0,1
"1147","https://www.paypal.com/donate?token=EzMVfvG-iV9dSC15pGrXuDqwhW13LVk713rRuYTQDXrLeYo3sBLOCiW6lq3PpRWSOrUeR1sx-2WN0_bk&locale.x=de_DE",0,1
"1148","https://www.paypal.com/donate?token=GiY1uQSZwP1EvD5WKEA688t-SGR6T_3A-kxGoQdzZsx9QNqL384w-jOlo-n3NcVAAsQikc7TAS6k75Nf",0,1
"1149","https://www.paypal.com/donate?token=ILIP_UyPEze108zeSjRO-ixEga_KuAu_JEK71MvYjE0QHrGhd7KgsECS3-HZrgq7ICLrjouziYgZ21-i",0,1
"1150","https://www.paypal.com/donate?token=J4tqi0mNzEzCagC5lBChirVIG43bjc6KDlF9C7d1xrYTXZevVkE7mkDd9XGkEK2WvWLTCkhhUARI27vO",0,1
"1151","https://www.paypal.com/donate?token=RGU5zmXYpXKJGoO6Z5sfSnKx4Ny1E8qLV2PLxhb5gjCSTJA-OdleW2Z56ddz3NlFiWd29mciBRlP33CI",0,1
"1152","https://www.paypal.com/donate?token=WXAczXcqMCf9u19V9UmYOLEZDwpyL6tS_K9DwrRgW7Ri58Qy0aBc98XbPiO1hY8UfkfGAFX2UR-7FlWo",0,1
"1153","https://www.paypal.com/donate?token=XVh3WISx82OrBBji-ytT5U0d4hHXMQAL-nplyz-pdqcU8oOWW6xtIoRTNcpqbEMNWQ4fvk5Dud45lkuK",0,1
"1154","https://www.paypal.com/donate?token=nc2fVVnEB9T5XdH_7LqxkgwfMARndOx-i1cU_dNRxTUyEbS729hknS5OMakdoib1C4X-ijfrV1O9kcsX",0,1
"1155","https://www.paypal.com/donate?token=pljVvydsZ9JPSFRIcIxZaTuc60fNIVCCdr3LZk9FXgB7r-skPWuVRiRBpB9b61yu06Cu2vQ4050St5Sh",0,1
"1156","https://www.paypal.com/donate?token=qaaylZf8emzN4Pom0nfb7aVCDgHN8CaQ2hPT7we3T0wkvNDOeTmpkSlRhbadIbw3eDB5Ho8fkXDoqub6",0,1
"1157","https://www.paypal.com/donate?token=uct9x3ciyWblfjU3AilBlRJxd5GU8jtWJh5VG-yZFaOEyUaGJFG7TDIrAFI2awOPtpH1yFck8eU3x9JD",0,1
"1158","https://www.paypal.com/donate?token=vy_h8YsA7eNFYk8j_1YDdsIudHtIIXh-5wKePhRen_xjxpd9FrsAnHACwHtOkUbFpbspBOsUoOxKsvEn",0,1
"1159","https://www.paypal.com/donate?token=xsTT2IkO6Uk8zcaoLl3pO_5FaiTKhMfvoPnKWpwCPiSss7BA1tw9x8xXZDDj1nVpedNK5o6q70AW54Tg",0,1
"1160","https://www.paypal.com/donate?token=yrFo1A0TwUKSxHXCHiPTmeksuH5GIDpS0AJIOcoIXuh9SkJj84ejwVtx2GnwzTAa-0KnhPFN8i6Ddh3V",0,1
"1161","https://www.paypal.com/fr/webapps/mpp/country-worldwide",0,1
"1162","https://www.paypal.com/myaccount/settings/marketing-preferences?ID=2P852468RU6792013&EID=ABcU.jL-.-IV9k5GeOkdgqyK9VIWi8H06ElrJ-QmquTFHvJHROnEG.IosFzggdH6nIcz&cat=NON&mplx=14146402674",0,1
"1163","https://www.paypal.com/nl/webapps/mpp/ua/upcoming-policies-full",0,1
"1164","https://www.paypal.com/paypalme/AlexCentriqueReel",0,1
"1165","https://www.paypal.com/paypalme/BadVolf",0,1
"1166","https://www.paypal.com/paypalme/DrDenisAgret?country.x=FR&locale.x=fr_FR",0,1
"1167","https://www.paypal.com/paypalme/DrSeuch?country.x=DE&locale.x=de_DE",0,1
"1168","https://www.paypal.com/paypalme/Freiheitsverbund",0,1
"1169","https://www.paypal.com/paypalme/JAMESCOLLINSIRELAND?country.x=IE&=&=&=&locale.x=en_US",0,1
"1170","https://www.paypal.com/paypalme/LorSABBA",0,1
"1171","https://www.paypal.com/paypalme/Mrcapacho",0,1
"1172","https://www.paypal.com/paypalme/NadiaCioce",0,1
"1173","https://www.paypal.com/paypalme/PatelPatriot?locale.x=en_US",0,1
"1174","https://www.paypal.com/paypalme/PythagorasInstitut",0,1
"1175","https://www.paypal.com/paypalme/STFProductions",0,1
"1176","https://www.paypal.com/paypalme/StateNationalSeminar",0,1
"1177","https://www.paypal.com/paypalme/TRReporting",0,1
"1178","https://www.paypal.com/paypalme/WWDLondon2022",0,1
"1179","https://www.paypal.com/paypalme/achgut",0,1
"1180","https://www.paypal.com/paypalme/acoda",0,1
"1181","https://www.paypal.com/paypalme/afaev",1,1
"1182","https://www.paypal.com/paypalme/aline",0,1
"1183","https://www.paypal.com/paypalme/antiglobalistisrbije?locale.x=en_US",0,1
"1184","https://www.paypal.com/paypalme/bustekrapbellions?v=1&utm_source=unp&utm_medium=email&utm_campaign=RT000269&utm_unptid=56ef47a6-e00b-11ed-ac5a-40a6b7293530&ppid=RT000269&cnac=DE&rsta=de_DE%28de-DE%29&cust=BLLDXSJGG3L9Y&unptid=56ef47a6-e00b-11ed-ac5a-40a6b7293530&calc=f480927a6ab6c&unp_tpcid=ppme-social-user-profile-created&page=main%3Aemail%3ART000269&pgrp=main%3Aemail&e=cl&mchn=em&s=ci&mail=sys&appVersion=1.162.0&xt=104038%2C127632",0,1
"1185","https://www.paypal.com/paypalme/byebigboss\u200b",0,1
"1186","https://www.paypal.com/paypalme/casad",0,1
"1187","https://www.paypal.com/paypalme/casad\u2026\u200b",0,1
"1188","https://www.paypal.com/paypalme/daitaliaamore?locale.x=it_IT",0,1
"1189","https://www.paypal.com/paypalme/deinb",0,1
"1190","https://www.paypal.com/paypalme/deinbesterfreund",0,1
"1191","https://www.paypal.com/paypalme/donakarpos?locale.x=it_IT",0,1
"1192","https://www.paypal.com/paypalme/fraisdejustice?fbclid=IwAR3G9-TLhJ00p_XU7aPl1KSjelZvEZW-AXiGuqlZTvgPDiOAyPB5FaayUsw",0,1
"1193","https://www.paypal.com/paypalme/gaiamedia",0,1
"1194","https://www.paypal.com/paypalme/gordonpankalla/",0,1
"1195","https://www.paypal.com/paypalme/herraber",0,1
"1196","https://www.paypal.com/paypalme/jacquinelodie",0,1
"1197","https://www.paypal.com/paypalme/ledragonxiah",0,1
"1198","https://www.paypal.com/paypalme/mariabenardis",0,1
"1199","https://www.paypal.com/paypalme/michaelsimms",0,1
"1200","https://www.paypal.com/paypalme/michelef\u2026",0,1
"1201","https://www.paypal.com/paypalme/micheleferris",0,1
"1202","https://www.paypal.com/paypalme/mkuebler5",0,1
"1203","https://www.paypal.com/paypalme/okitalk/5",0,1
"1204","https://www.paypal.com/paypalme/onead",0,1
"1205","https://www.paypal.com/paypalme/onfrab",0,1
"1206","https://www.paypal.com/paypalme/ovalm",0,1
"1207","https://www.paypal.com/paypalme/peereifler",0,1
"1208","https://www.paypal.com/paypalme/policeturbo",0,1
"1209","https://www.paypal.com/paypalme/richardpotcner",0,1
"1210","https://www.paypal.com/paypalme/slovenskimedved642",0,1
"1211","https://www.paypal.com/paypalme/studentinogpto",0,1
"1212","https://www.paypal.com/paypalme/teammensch2021",0,1
"1213","https://www.paypal.com/paypalme/teilderloesung",0,1
"1214","https://www.paypal.com/paypalme/usquanticofranparejo",0,1
"1215","https://www.paypal.com/paypalme/uwebreuer8?locale.x",0,1
"1216","https://www.paypal.com/paypalme/valtitoune",0,1
"1217","https://www.paypal.com/paypalme/veralengsfeld/",0,1
"1218","https://www.paypal.com/paypalme/vnrangeloni",0,1
"1219","https://www.paypal.com/pools/c/8BcYOponln",0,1
"1220","https://www.paypal.com/pools/c/8BdLOktbWO",0,1
"1221","https://www.paypal.com/pools/c/8Br1rL0pgD",0,1
"1222","https://www.paypal.com/pools/c/8Bz4EUWvrE",0,1
"1223","https://www.paypal.com/pools/c/8CkH3Hn38d",0,1
"1224","https://www.paypal.com/pools/c/8DKU0LLlTr",0,1
"1225","https://www.paypal.com/pools/c/8Dyybcb8f0",0,1
"1226","https://www.paypal.com/pools/c/8E2lLqJttd",0,1
"1227","https://www.paypal.com/pools/c/8E9p7Gv15Z",0,1
"1228","https://www.paypal.com/pools/c/8FvFQ296Nr",0,1
"1229","https://www.paypal.com/pools/c/8GQdyEtih9",0,1
"1230","https://www.paypal.com/pools/c/8H9jV8aYLp",0,1
"1231","https://www.paypal.com/pools/c/8IC8joQMsg",0,1
"1232","https://www.paypal.com/pools/c/8ICTq7isOb",0,1
"1233","https://www.paypal.com/pools/c/8JdF4r35nT",0,1
"1234","https://www.paypal.com/pools/c/8JgmpjerFB",0,1
"1235","https://www.paypal.com/pools/c/8KfTlO5adg",0,1
"1236","https://www.paypal.com/pools/c/8NGLQQXmys",0,1
"1237","https://www.paypal.com/pools/c/8Owgyzwj0r",0,1
"1238","https://www.paypal.com/pools/c/8POlsro7kX",0,1
"1239","https://www.paypal.com/pools/c/8PhyCeZrse",0,1
"1240","https://www.paypal.com/pools/c/8PtMXGIkxK",0,1
"1241","https://www.paypal.com/pools/c/8QJxODieYH",0,1
"1242","https://www.paypal.com/pools/c/8QgjLPpcYO",0,1
"1243","https://www.paypal.com/pools/c/8Qnpy6szGG",0,1
"1244","https://www.paypal.com/pools/c/8SmeQhLBiP",0,1
"1245","https://www.paypal.com/pools/c/8TpxvQSMzs",0,1
"1246","https://www.paypal.com/pools/c/8fv5QeKS4W",0,1
"1247","https://www.paypal.com/pools/c/8hU7SG9ueD",0,1
"1248","https://www.paypal.com/pools/c/8nvZkGPMWK",0,1
"1249","https://www.paypal.com/pools/c/8qEIs0UB0L",0,1
"1250","https://www.paypal.com/pools/c/8rcHthUYfQ",0,1
"1251","https://www.paypal.com/pools/c/8s4HNdyHoC",0,1
"1252","https://www.paypal.com/pools/c/8tYiaqkDk1",0,1
"1253","https://www.paypal.com/pools/c/8uLH7hlwJH",0,1
"1254","https://www.paypal.com/pools/c/8wvEXG1hKj",0,1
"1255","https://www.paypal.com/pools/c/8y8JSMJaWs",0,1
"1256","https://www.paypal.com/pools/c/8yyR6OfwZc",0,1
"1257","https://www.paypal.com/pools/c/8zJc4ZPFcD",0,1
"1258","https://www.paypal.com/pools/c/8zX34mZVBC",0,1
"1259","https://www.paypal.com/signin?returnUri=https%3A%2F%2Fwww.paypal.com%2Fmyaccount%2Fsummary&state=",0,1
"1260","https://www.paypal.com/uk/smarthelp/complaints",0,1
"1261","https://www.paypal.com/us/legalhub/acceptableuse-full",0,1
"1262","https://www.paypal.com/us/webapps/mpp/ua/useragreement-full?locale.x=en_US",0,1
"1263","https://www.paypal.com/webapps/billing/plans/subscribe?plan_id=P-0R209978LV620862PMDBCF2Q",0,1
"1264","https://www.paypal.me/",0,1
"1265","https://www.paypal.me/83metoo",0,1
"1266","https://www.paypal.me/AArabpour",0,1
"1267","https://www.paypal.me/Ap3Coop",0,1
"1268","https://www.paypal.me/AussieC",0,1
"1269","https://www.paypal.me/AussieCossackAU?locale.x=en_AU",0,1
"1270","https://www.paypal.me/BewegWasJetzt",0,1
"1271","https://www.paypal.me/Boschimo",0,1
"1272","https://www.paypal.me/CWolfgangJahn",0,1
"1273","https://www.paypal.me/DBerger8",0,1
"1274","https://www.paypal.me/EhrenJuni",0,1
"1275","https://www.paypal.me/ElenaSagnol",0,1
"1276","https://www.paypal.me/EllaHillUK",0,1
"1277","https://www.paypal.me/FrankLanger",0,1
"1278","https://www.paypal.me/GerhardPraher",0,1
"1279","https://www.paypal.me/GewahrSein",0,1
"1280","https://www.paypal.me/GoFlow22",0,1
"1281","https://www.paypal.me/IsabelCuervoJourno",0,1
"1282","https://www.paypal.me/IsabelCuervoJourno?locale.x=en_US",0,1
"1283","https://www.paypal.me/Jobimpffrei",0,1
"1284","https://www.paypal.me/Manulereveildesmout",0,1
"1285","https://www.paypal.me/MarcusSonnenberg",0,1
"1286","https://www.paypal.me/Memology101",0,1
"1287","https://www.paypal.me/MichaelSoppaOffiziel",0,1
"1288","https://www.paypal.me/MichaelaBerger",0,1
"1289","https://www.paypal.me/MyriamKendal",0,1
"1290","https://www.paypal.me/OYEmedia",0,1
"1291","https://www.paypal.me/OliverNevermindDE",0,1
"1292","https://www.paypal.me/PatriotN88",0,1
"1293","https://www.paypal.me/RazzberriPatriot",0,1
"1294","https://www.paypal.me/RealPatBlack",0,1
"1295","https://www.paypal.me/RebelEffect",0,1
"1296","https://www.paypal.me/ReinoSolar",0,1
"1297","https://www.paypal.me/SandraSoulmate",0,1
"1298","https://www.paypal.me/SubliminalVeritas",0,1
"1299","https://www.paypal.me/SylvainLaporteM...\u200b",0,1
"1300","https://www.paypal.me/TheTruthIsViral",0,1
"1301","https://www.paypal.me/XEDLB",0,1
"1302","https://www.paypal.me/alphaoumarbah7",0,1
"1303","https://www.paypal.me/ariellej95",0,1
"1304","https://www.paypal.me/blaupausetv",0,1
"1305","https://www.paypal.me/cafezeitlos",0,1
"1306","https://www.paypal.me/callingfromgod",0,1
"1307","https://www.paypal.me/cevicas",0,1
"1308","https://www.paypal.me/chrigiTV",0,1
"1309","https://www.paypal.me/cozval?locale.x=it_IT",0,1
"1310","https://www.paypal.me/darkuniverse09",0,1
"1311","https://www.paypal.me/davidolmonordbeck",0,1
"1312","https://www.paypal.me/demogeld",0,1
"1313","https://www.paypal.me/denizkarabag",0,1
"1314","https://www.paypal.me/dionx",0,1
"1315","https://www.paypal.me/donaldtrumpchat",0,1
"1316","https://www.paypal.me/fellbachwehrtsich?locale.x=de_DE",0,1
"1317","https://www.paypal.me/fraisdejustice",0,1
"1318","https://www.paypal.me/frankhoefer",0,1
"1319","https://www.paypal.me/franklinNYAMSI2023",0,1
"1320","https://www.paypal.me/geldfuer1glaswasser?locale.x=de_DE",0,1
"1321","https://www.paypal.me/gerussia",0,1
"1322","https://www.paypal.me/giorgiaolivieri",0,1
"1323","https://www.paypal.me/giuseppeterenzio\U0001f448",0,1
"1324","https://www.paypal.me/guerrieriliberta",0,1
"1325","https://www.paypal.me/hatzius",0,1
"1326","https://www.paypal.me/heimatisteinpar",0,1
"1327","https://www.paypal.me/helenasuski",0,1
"1328","https://www.paypal.me/heleneartisanlumiere?locale.x=fr_FR",0,1
"1329","https://www.paypal.me/herzinhand",0,1
"1330","https://www.paypal.me/jeannolanmusic",0,1
"1331","https://www.paypal.me/jennykillu1",0,1
"1332","https://www.paypal.me/leprecepteur",0,1
"1333","https://www.paypal.me/mrcesshm",0,1
"1334","https://www.paypal.me/nasubasticker",0,1
"1335","https://www.paypal.me/nichtohneunsDortmund",0,1
"1336","https://www.paypal.me/polifa",0,1
"1337","https://www.paypal.me/quer721",0,1
"1338","https://www.paypal.me/richardpotcner?locale.x=en_US",0,1
"1339","https://www.paypal.me/robandreoli",0,1
"1340","https://www.paypal.me/schaller88",0,1
"1341","https://www.paypal.me/siegdesvolkes",0,1
"1342","https://www.paypal.me/sostengoary?locale.x=it_IT",0,1
"1343","https://www.paypal.me/stefanraven",0,1
"1344","https://www.paypal.me/streetangelsuk?locale.x=en_GB",1,1
"1345","https://www.paypal.me/taoderliebe",0,1
"1346","https://www.paypal.me/tpproductionz",0,1
"1347","https://www.paypal.me/unblogd",0,1
"1348","https://www.paypal.me/valeriebugault",0,1
"1349","https://www.paypal.me/wjatsch",0,1
"1350","https://www.paypal.me/wjatscheslaws",0,1
"1351","https://www.paypal.me/wjatscheslawseewald%22%20%5Ct%20%22_blank",0,1
"1352","https://www.paypal.me/worldawakening1",0,1
"1353","https://www.paypal.me/worldawakening2",0,1
"1354","https://www.paypal.me/ww3info",0,1
"1355","https://www.paypal.me/zainz69?locale.x=it_IT",1,1
"1356","https://www.paypal.meMichelMichaelWittwer",0,1
"1357","https://www.paypalobjects.com/marketing/ua/pdf/US/en/acceptableuse-full-110322.pdf",0,1
"1358","https://www.youtube.com/redirect?event=video_description&redir_token=QUFFLUhqa1oydjYxOGhnTFdHYzNzY0kyU29peGNrX0FlQXxBQ3Jtc0trR0F6U1hWWHctU0NGUXd2bERsUjYwMGVJSmdDSzNuVnN3X1ZZM1hHWS1vWTVyRDMyM05UNVp0NXBxM0k1NXZXQVdraS1QUmRxdjhoYUJZdktBamVjQ2lDNURBQnhFZnpBY1gyLWFJaUVEa01GVnlyWQ&q=https%3A%2F%2Fpaypal.me%2Folivarisongs",0,1
"1359","https://www.youtube.com/redirect?event=video_description&redir_token=QUFFLUhqa2dOdEtydXR2RlBnd3JpQ2hfcEJIdnlWbmJpZ3xBQ3Jtc0trd1dGMGpfdklnUm4wVUM4OEZBZEcyd2hqOWtvOGF6TzVyRFpCSy1pU0VSSExqemxtQ0NDanpCTDVKSVRZUkhjcWxudEJ3VmhzVW8tNHFZU0ZZZTIxZHZSNWpnaUJ3VHU4VFBYNGVaN1l0aUZiSlJTZw&q=https%3A%2F%2Fwww.paypal.com%2Fcgi-bin%2Fwebscr%3Fcmd%3D_s-xclick%26hosted_button_id%3D9KV8CGPK6RQM6%26source%3Durl",0,1
"1360","https://www.youtube.com/redirect?event=video_description&redir_token=QUFFLUhqa3Jhd2dyeUJZNWZzQVJvcFlVTUZOMlljTGFRUXxBQ3Jtc0tseVRZWmswT1N3WDc2bm81U2RySjlSM0RLR3BCOXptd3pIdllnbUk4c285VUhYQkRRTWE4dllzOGEzUFljb25yQXJLWUNydGpEVGpMMmFieHlJeUgyUWxDQlRiZWNPMUY4M3hBSDI2Zmd3LU5yMmtGUQ&q=https%3A%2F%2Fwww.paypal.com%2Fpaypalme%2Fovalmediaberlin",0,1
"1361","https://www.youtube.com/redirect?event=video_description&redir_token=QUFFLUhqazZuZ0xVSXUySnNBbXlUbUlvQzBzM0xMLU41Z3xBQ3Jtc0traHFoLUpNSGFwMS1NS0k3a3NvVDlRY1RmVkRqWnlLZDZkTzdDTmZZZ19pS2dlc2swTFVjLXItY253OXhGdlM0OG1meEtLU05TVmpvUGV2YjI5dUtwVWJWLVFCQkloM040eGVqbERLYTQzeUx0MEx6Yw&q=http%3A%2F%2Fwww.paypal.me%2Fgunnarkaiser",0,1
"1362","https://www.youtube.com/redirect?event=video_description&redir_token=QUFFLUhqbGFFby1ERWZGbHlUdWxibXA4cVM5YnlTdnRZZ3xBQ3Jtc0trS0dTcVZXcU5fS1hEekhJQzZZRWdWdDZNenJpWVBwZlVKbU12cTZRdFJXYTBDcmFTSW40OEkwcEl6SFdoSC1IN2hkSE1Yc2RVX25JUW5UNUNZbkM3Vm1HX1lrWFdaZnhCWUdOdHlUUmRtbHBHeVB2bw&q=https%3A%2F%2Fwww.paypal.me%2Frabbitresearch",0,1
"1363","l.com/paypalme/LLPADSL",0,1
"1364","pal.com/paypalme/LLPADSL",0,1
"1365","paypal.com",0,1
"1366","paypal.com/cgi-bin/webscr?cmd=_s-xclick&hosted_button_id=9KV8",0,1
"1367","paypal.com/paypalme/MLVisionenwerdenwahr",0,1
"1368","paypal.com/paypalme/drawandstrike",0,1
"1369","paypal.me/Annaconnectiv",0,1
"1370","paypal.me/CoronaWiderstandVB",0,1
"1371","paypal.me/DSdari",0,1
"1372","paypal.me/DTM2000",0,1
"1373","paypal.me/DanaAshlie",0,1
"1374","paypal.me/DavidLesterStraight",0,1
"1375","paypal.me/DemokratischesForum",0,1
"1376","paypal.me/ElleRosetti",0,1
"1377","paypal.me/ElternSteheAuf",0,1
"1378","paypal.me/FreeAli123",0,1
"1379","paypal.me/Freiheitspost",0,1
"1380","paypal.me/GariusGryphon",0,1
"1381","paypal.me/IgnazBearth\U0001f1e8\U0001f1ed",0,1
"1382","paypal.me/JaegerCVM2",0,1
"1383","paypal.me/JeanaDemonde",0,1
"1384","paypal.me/KIEZeV",0,1
"1385","paypal.me/LOVEstormpeople",0,1
"1386","paypal.me/MLowien",0,1
"1387","paypal.me/ManuelMuellner",0,1
"1388","paypal.me/MichiMichelBerger",0,1
"1389","paypal.me/NamaskarInstitut",0,1
"1390","paypal.me/NamaskarInstitut/",0,1
"1391","paypal.me/OneRepublicNetwork",0,1
"1392","paypal.me/RenegegenTerrorismus",0,1
"1393","paypal.me/RobertR01",0,1
"1394","paypal.me/RobyMaster",0,1
"1395","paypal.me/SuisseLibre",0,1
"1396","paypal.me/TEAMefaBayern",0,1
"1397","paypal.me/TheVigilantFox",0,1
"1398","paypal.me/WAKEUPMediaUK",0,1
"1399","paypal.me/anieswelt",0,1
"1400","paypal.me/betterknownow",0,1
"1401","paypal.me/chriscottonstat",0,1
"1402","paypal.me/deceptionsorg",0,1
"1403","paypal.me/disinformazione",0,1
"1404","paypal.me/djchilli",0,1
"1405","paypal.me/donazioneaitriarii",0,1
"1406","paypal.me/ericperroud",0,1
"1407","paypal.me/foundring",0,1
"1408","paypal.me/gdgerman",0,1
"1409","paypal.me/gforemanbcp",0,1
"1410","paypal.me/greatawakecoach",0,1
"1411","paypal.me/hausdesbuches",0,1
"1412","paypal.me/jennystarshine",0,1
"1413","paypal.me/jennystarshine/77",0,1
"1414","paypal.me/kaiyumoura",0,1
"1415","paypal.me/lebloclorrain",0,1
"1416","paypal.me/mikebravodude",0,1
"1417","paypal.me/mlnad",0,1
"1418","paypal.me/nityadstahl",0,1
"1419","paypal.me/olivarisongs",0,1
"1420","paypal.me/orizzonteventi",0,1
"1421","paypal.me/patriciaphilipp76",0,1
"1422","paypal.me/paxeuropa",0,1
"1423","paypal.me/pools/c/8t0Szf0c2j",0,1
"1424","paypal.me/pools/c/8usI0Rvasz",0,1
"1425","paypal.me/pools/c/8wy8Zr7wSV",0,1
"1426","paypal.me/punktpreradovic",0,1
"1427","paypal.me/rapbellionsgermany",0,1
"1428","paypal.me/rolaso",0,1
"1429","paypal.me/seybird",0,1
"1430","paypal.me/sozk1389",0,1
"1431","paypal.me/stefanraven",0,1
"1432","paypal.me/tangsworld",0,1
"1433","paypal.me/thedirtytruth",0,1
"1434","paypal.me/tomlausen",0,1
"1435","paypal.me/yubaronova",0,1
"1436","paypal.me/zorann1",0,1
"1437","w.paypal.me/freiesmedienportal",0,1
"1438","w.paypal.me/frontwolf2020",0,1
"1439","www.paypal.com/donate/",0,1
"1440","www.paypal.com/donate?hosted_button_id=M7GQE9LW93M8C",0,1
"1441","www.paypal.com/paypalme/honkforhope",0,1
"1442","www.paypal.com/paypalme/oasilibere",0,1
"1443","www.paypal.com/paypalme/puntointerno",0,1
"1444","www.paypal.com/pools/c/8JdF4r35nT",0,1
"1445","www.paypal.com/pools/c/8P8w4ZxG9E",0,1
"1446","www.paypal.me/",0,1
"1447","www.paypal.me/HMund",0,1
"1448","www.paypal.me/QAnonAustria17",0,1
"1449","www.paypal.me/annihoehne",0,1
"1450","www.paypal.me/docfrankenstin",0,1
"1451","www.paypal.me/freispielerin",0,1
"1452","www.paypal.me/nostradamart",0,1
"1453","www.paypal.me/reiwerle",0,1
"1454","www.paypal.me/vaganoffmax",0,1
"1455","www.paypal.me/vakcinrealitate",0,1
