"","V1","V2","V3","V4"
"1","insects","minute","cities","people"
"2","food","city","smart","climate"
"3","eat","join","city","world"
"4","lockdowns","people","digital","can"
"5","eating","plan","ulez","new"
"6","bugs","like","surveillance","us"
"7","insect","us","future","one"
"8","meat","get","wef","now"
"9","join","go","social","just"
"10","wef","want","join","like"
"11","want","share","system","also"
"12","us","take","agenda","agenda"
"13","future","control","share","global"
"14","human","need","economic","control"
"15","make","every","plan","covid"
"16","economic","wef","every","time"
"17","share","agenda","coming","know"
"18","like","make","control","government"
"19","now","see","world","need"
"20","may","future","government","even"
